row_id,text,label
5221,"Blair, Bush to Meet as Middle East Issues Loom British Prime Minister Tony Blair, who has pushed for progress on Middle East peace talks and is one of the United States #39; closest allies, will meet with President Bush next week, the White House said on Saturday.",World
1685,The reforms that Putin announced Russian President Vladimir Putin has announced a series of measures to strengthen central state powers following the hostage-taking at Beslan when more than 300 people died.,World
117,"iPod Comparison Newsday #146;s Stephen Williams reports on seeing Sony #146;s NW-HD1 audio player in a store:  #147; #145;How #146;s it compare to the iPod? #146; I asked a salesman.  #145;Battery life is a lot longer, up to 30 hours, #146; he said.  #145;The LCD readout is kind of dim, #146; I said.   #146;Battery life is a lot longer, #146; he said.  #145;I understand it can #146;t play MP3 files, #146; I said.  #145;Battery life is a lot longer, #146; he said. #148; Aug 17",Sci/Tech
1782,"Moya Upset in First Round of China Open (AP) AP - Top-seeded Carlos Moya was upset by French qualifier Jo-Wilfried Tsonga 6-3, 6-3, in the first round of the China Open on Wednesday.",Sports
75,"Jury Can Hear of Kobe Accuser's Sex Life (AP) AP - Prosecutors suffered another setback Monday in the Kobe Bryant sexual assault case, losing a last-ditch attempt to keep the NBA star's lawyers from telling jurors about the alleged victim's sex life.",Sports
3298,"Karzai's Running Mate Survives Attack KABUL, Afghanistan - Campaigning for Afghanistan's first direct presidential election ended with a burst of violence Wednesday as attackers set off a bomb in a failed effort to kill interim Afghan leader Hamid Karzai's vice presidential running-mate.    Despite persistent violence, the United Nations declared this hard-luck nation ready for Saturday's vote, a historic experiment with democracy after more than two decades of unrelenting ruin, from Soviet occupation to civil war to the repressive Taliban and the thunderous U.S...",World
1094,"Ex-teller wins bias case against Citizens A former part-time teller and Mexican immigrant won more than \$100,000 after the Massachusetts Commission Against Discrimination determined Citizens Bank discriminated against her when it bypassed her for a full-time job in favor of a less experienced white co-worker.",Business
3379,"Oil Hits \$53 on Winter Worries, Nigeria  LONDON (Reuters) - Oil prices scaled new heights at \$53 for  U.S. crude on Thursday on concerns over tight winter heating  fuel supplies and an unexpected strike at Nigerian oil  terminals.",Business
1292,"Working Long Hours? Take a Massage Break, Courtesy of Your Boss Companies across the country are offering yoga and meditation classes to help employees relax, reduce stress and recharge.",Sci/Tech
891,"Bellhorn makes plenty of noise: Big Second baseman Mark Bellhorn stats, news issued the closing statement in the Red Sox stats, schedule #39; four-game sweep of the Detroit Tigers yesterday at Fenway Park.",Sports
4779,"AMD Launches Low-Cost Web Device Advanced Micro Devices is launching a low-cost Internet access device dubbed  quot;PIC, quot; or personal Internet communicator, targeted at first-time computer users in the developing world.",Sci/Tech
4770,Cavs Pick Up Option on Drew Gooden  CLEVELAND (Sports Network) - The Cleveland Cavaliers  Thursday picked up the team's 2005-06 contract option on  forward Drew Gooden.,Sports
903,Sadr Aide Tells Iraq Militia to Cease Fire -TV A top aide to Iraq #39;s rebel Shi #39;ite leader Muqtada al-Sadr Monday called on the Mehdi Army militia to cease fire across Iraq and said Sadr was preparing to announce plans for a major political program.,World
5921,Dow falls on Wal-Mart update and rise in producer costs DISAPPOINTMENT over Wal-Marts third-quarter sales performance and news of a sharp rise in October producer prices sent shares in the United States on a downward path yesterday.,Business
5673,"The Rundown Unquestionably the showcase game of the day. Auburn already has sewn up the Southeastern Conference West, and Georgia would need Tennessee to lose to have a chance in the East.",Sports
1324,"Bienvenue, Carrefour Lesser-known French retailer turns in a strong first half. Investors, take notice.",Business
3075,"Six Shot Dead in New Northeast India Violence  GUWAHATI, India (Reuters) - Suspected separatist rebels  stormed a village in India's northeast on Monday and shot dead  six people, police said, taking the toll in the worst violence  in years in the troubled region to 62.",World
1310,Pfizer: Exubera Does Well in Trials Drug makers Pfizer Inc. and Sanofi-Aventis on Tuesday posted positive results from mid-stage trials of an inhaled insulin product for diabetics.,Business
1668,"EU increases pressure for rights in Myanmar EU foreign ministers agreed Monday to tighten sanctions against Myanmar if it does not improve its human rights record by Oct. 8, when an EU meeting with Asian countries starts in Vietnam.",Business
3752,"McTeer: Lonesome Dove to be an Aggie NEW YORK (CNN/Money) - A New Economy champion, a lover of the Texas picker poets who write lovesick country songs...and, oh, by the way, a member of the Federal Reserve system for 36 years.",Business
7449,UTC buys Kidde for 1.4bn UK fire equipment manufacturer Kidde agrees a 1.4bn takeover by US manufacturer United Technologies.,Business
5686,"GAME UNDER FIRE Attacking police officers, racial slurs, bloody beatings of innocent bystanders ... is it really just a game? In four and a half minutes, 14-year-old Ryan Mason ran over a police officer, stole his gun and shot and killed three innocent bystanders.",Sci/Tech
3506,"Safety concerns stand in way of space tourism Thrill seekers are plunking down six figures to ride rockets not even been built yet, and a new airline called Virgin Galactic promises to be soaring in the next three years.",Sci/Tech
1383,"Discoverer of DNA Fingerprinting Has Concerns About Technology One morning 20 years ago, Alec Jeffreys stumbled upon DNA fingerprinting, identifying the patterns of genetic material that are unique to almost every individual. The discovery revolutionized everything from criminal investigations to family law.",Sci/Tech
5304,Greenpeace  #39;shocked #39; over death of anti-nuclear protestor PARIS - The international environment watchdog group Greenpeace said Monday it was  quot;shocked and very saddened quot; by the death of a French protestor who was struck and killed Sunday by a train transporting nuclear waste to Germany.,World
1691,"German investor confidence slumped in September BERLIN - German investor confidence dropped sharply in September, a key economic indicator released Tuesday showed amid concerns about the impact of high oil prices on consumer demand and the outlook for the global economy.",World
3203,"Minot officials give preliminary approval to Wal-Mart Supercenter MINOT, ND - City Council members have given Wal-Mart preliminary approval to build a Supercenter, though not without some soul-searching.",Business
1575,"Qwest to pay \$250 mn to settle with SEC Qwest Communications International, the US telecommunications group, is understood to have agreed to pay \$250 million to end a two-year federal probe of alleged fraudulent accounting practices employed by former management.",Business
2183,"Election chaos? (U.S. News   World Report) U.S. News   World Report - Michael Cadigan's day job is practicing commercial law in Albuquerque. But over eggs at the trendy Gold Street Caffe in the heart of downtown, he and a dozen other lawyers are immersing themselves in the intricacies of election law. On Election Day, they plan to be out in force for Democrat John Kerry at polling places across New Mexico, where Al Gore won in 2000 by just 366 votes.  quot;We know there was a lot of monkey business with counting ballots before, quot; says Cadigan.  quot;We want to make sure that doesn't happen again. ...",World
3269,"Pacific Oil Link Is Best for Russia, Ambassador Says (Update1) Russia, the world #39;s second-biggest oil exporter, will benefit most from a Siberian crude oil pipeline to the Pacific rather than to China as energy resources are needed to develop the ",Business
1386,Israeli Forces Thrust Into Northern Gaza (Reuters) Reuters - Israeli forces thrust into the outskirts\of the Jabalya refugee camp in the northern Gaza Strip on\Thursday in what the military said was an effort to stop\Palestinians firing rockets into Israel.,World
3529,"Tressel discounts replay COLUMBUS - Ohio State head coach Jim Tressel admitted it was a stretch to point to a videotape review of an apparent fumble by Wisconsin early in the third quarter of yesterday #39;s 24-13 loss to the Badgers, but a live microphone created some talk in the ",Sports
6624,"Day 3: Dravid, Ganguly take charge India lost two wickets on the third day of the second Test against South Africa at the Eden Gardens in Kolkata today. South Africa bounced back from a miserable day on the field yesterday to remove the dangerous ",Sports
6212,"PM invites North East groups for talks Striking a personal chord, Prime Minister Manmohan Singh today invited ULFA in Assam and other insurgent groups in the North East to shun violence.",World
6752,"MSN Enters Blogging Fray with  quot;Spaces quot; Microsoft #39;s MSN has introduced a beta version of its new blogging tool, MSN Spaces, which it expects will eventually be supported by advertising.",Sci/Tech
1247,"Japanese baseball players set to strike Japanese baseball players will strike for the first time if owners proceed with a proposed merger of two teams, the players #39; union said Monday.",Sports
4607,Dodge denies Copps charge that Martin wanted to scrap Canada Health Act (Canadian Press) Canadian Press - OTTAWA (CP) - Add the governor of the Bank of Canada to the list of people who say Sheila Copps has a faulty memory.,World
5123,"NASA Picks May 2005 Shuttle Launch Date (AP) AP - NASA is aiming for a mid-May launch of the first shuttle flight since the Columbia tragedy almost two years ago. The launch date was the latest of several set by the space agency, and just as subject to change.",Sci/Tech
3735,"Nev. Move to Purge Some Dem Voters Fails (AP) AP - Elections officials have rebuffed an attempt by a former GOP operative to purge about 17,000 Democrats from the voter rolls in the battleground state of Nevada, where the two presidential candidates are in a dead heat.",World
6346,Microsoft Will Replace Fake Copies of XP U.K. users will be able to replace pirated versions of Windows that they have purchased.,Sci/Tech
6934,Japan narrowly escapes recession New figures show Japan's economy is barely staying out of recession with annual growth of just 0.2 in the third quarter.,Business
7032,"U.S. Alone Among Allies in Centralizing Spy Powers  BERLIN (Reuters) - By creating a new, all-powerful director  of national intelligence, the United States departs radically  from the practice in most of its Western allies where  spymasters shun the public gaze and work by committee.",World
96,"Injured Heskey to miss England friendly NEWCASTLE, England (AP) - Striker Emile Heskey has pulled out of the England squad ahead of Wednesday #39;s friendly against Ukraine because of a tight hamstring, the Football Association said Tuesday. ",Sports
4034,Glazer raises stake in United to close on buy-out trigger point Malcolm Glazer edged closer to triggering a mandatory bid for Manchester United last night by increasing his stake in the club to 27.,Sports
5455,"Launch Date Set for Solar Sail Summary - (Nov 10, 2004) The countdown has begun for the launch of the Planetary Society #39;s Cosmos 1 spacecraft; the first ever to be powered by a solar sail.",Sci/Tech
2834,"Multiple Bombings Kill At Least 37 In Capital _ At least three bombs exploded near a US convoy in western Baghdad on Thursday, killing 37 people and wounding more than 50, officials said.",World
5879,South Korea president in Brazil (AFP) AFP - South Korea's President Roh Moo-Hyun started an official visit to Brazil as part of his country's campaign to find new business in the region.,World
589,"Coke Loses Quiznos Sandwich Account Quiznos Sub, the third-largest US sandwich chain, said on Wednesday it signed a deal to serve PepsiCo Inc. (PEP.N: Quote, Profile, Research) drinks in its US outlets, ending a 23-year relationship with Coca-Cola Co.",Business
6259,"Thomson Joins Microsoft-Time Warner Deal (AP) AP - French technology company Thomson SA said Monday it was joining Microsoft Corp. and Time Warner Inc.'s proposed venture to make anti-piracy software, a move that could relieve European Union concerns about the pending deal.",Sci/Tech
3560,"Big Game Hunting Virginia, Navy and Maryland face season-defining games, perhaps &lt;em&gt;program-defining &lt;/em&gt;games for the Cavaliers and Midshipmen as they play against Florida State and Notre Dame, respectively on Saturday.",Sports
6220,"NVIDIA and Intel sign broad cross-license and chipset license &lt;b&gt;...&lt;/b&gt;  quot;NVIDIA and Intel Corporation announced that the companies have signed a broad, multi-year patent cross-license agreement spanning multiple product lines and product generations.",Sci/Tech
1392,"Microsoft intros new mice, keyboards Microsoft announced on Wednesday five new mice and keyboards: Wireless Optical Desktop, which comes with a wireless mouse and keyboard; Wireless Notebook Optical Mouse; Digital Media Pro Keyboard; and Standard Wireless Optical Mouse.",Sci/Tech
6450,"mmO2: i-mode launch looks certain mmO2 and NTT DoCoMo are reportedly planning to launch a UK i-mode mobile service. November 26, 2004 4:35 PM GMT (Datamonitor) - The much-touted tie-up between NTT DoCoMo and mmO2 to bring i-mode mobile content to the UK looks to be a done deal.",Sci/Tech
291,"Life without numbers in a unique Amazon tribe 11=2. Mathematics doesn #39;t get any more basic than this, but even 11 would stump the brightest minds among the Piraha tribe of the Amazon. ",Sci/Tech
1251,"PM edges ahead in latest poll JOHN Howard #39;s plea for voters to trust him with the economy is paying early dividends, an exclusive Herald Sun poll shows. The Coalition has moved ahead of Labor by 52 per cent to 48 per cent as the Prime Minister #39;s interest rates campaign takes hold.",World
3179,"Report: Glazer soccer bid near Malcolm Glazer, tycoon owner of the Tampa Bay Buccaneers, reportedly plans to bid more than \$1.2-billion to take control of British icon Manchester United, the world #39;s richest soccer team.",Sports
6815,"IBM-Led Community to Plug Power Architecture IBM this week announced the formation of Power.org, a collaborative community of itself and 14 partner companies with the goal of promoting hardware and software development centered ",Sci/Tech
5435,"Patron Saint of the Nerds St. Expedite might not even be a true saint, but that doesn't stop programmers and job seekers from asking for his help. Michelle Delio reports from New Orleans.",Sci/Tech
3660,U.S. Says N.Korea Miscalculating by Stalling on Talks  TOKYO (Reuters) - The United States accused North Korea  Tuesday of miscalculation by refusing to resume talks on its  nuclear programs before the U.S. presidential election while  China renewed a diplomatic drive to end the stalemate.,World
1433,"DAILY DIGEST RealNetworks Inc. has sold about 3 million songs online during a three- week, half-price sale designed to promote an alternative to Apple Computer Inc.",Sci/Tech
431,"Sports: Graham says he sent the syringe ATHENS, Greece Track coach Trevor Graham admits he was the person who triggered the BALCO investigation. Graham says he #39;s the one who anonymously sent a syringe of THG to the US Anti-Doping Agency.",Sports
4998,"Warriors lock up young veterans Staring at the possibility of watching two of his young standouts stage a walkout on opening night, Chris Mullin made one of the most important decisions in recent Golden State Warriors history Monday.",Sports
4769,"Oil Price Steadies After 5 Percent Slide  LONDON (Reuters) - Oil steadied on Thursday after  Wednesday's 5 percent retreat from record highs, as traders  concluded that China's surprise interest rate rise would not do  much to dampen fuel demand growth.",Business
2396,"GE pledges to meet rules of disclosure in SEC pact General Electric Co. yesterday agreed to a settlement with the Securities and Exchange Commission, which accused the company of failing to provide shareholders ",Business
4947,"China shuts 1,600 cybercafes The Chinese government confirmed this weekend that it has closed 1,600 internet cafes and fined operators a total of 100m yuan since March, when it began its crackdown on violent or pornographic content, and other material it considers harmful to public ",Sci/Tech
6242,Trump's Casinos File for Bankruptcy  PHILADELPHIA (Reuters) - Donald Trump's casino operations  filed for bankruptcy Sunday in a long-expected move that would  allow the real estate maverick to restructure the company's  debt and overhaul its aging casinos.,Business
5386,"Crazy Like a Firefox Today, the Mozilla Foundation #39;s Firefox browser officially launched -- welcome, version 1.0. In a way, it #39;s much ado about nothing, seeing how it wasn #39;t that long ago that we reported on how Mozilla had set ",Sci/Tech
2221,"Giants Give Up Right to Void Bonds' Deal (AP) AP - Barry Bonds will have two more seasons to break Hank Aaron's career home run record with the San Francisco Giants, who decided Tuesday to drop their right to void the final year of his contract.",Sports
2792,Apple beefs up .Mac storage limits Customers of Apple #39;s .Mac Internet service can hit the delete button less often now that the company has boosted the amount of storage it gives subscribers.,Sci/Tech
1871,Toyota confirms signing of Italian driver Jarni Trulli from Sauber Toyota confirmed Thursday that Jarno Trulli will drive for the Formula One team starting next season. The Italian signed a two-year contract two days ago and will partner German driver ,Sports
3578,Chargers Postgame Show Denver was poised to take the late lead when cornerback Drayton Florence knocked away an end zone pass headed for Rod Smith. The pass ricocheted to safety Jerry Wilson for an interception.,Sports
2886,"Minding the Search Engine Business Microsoft just swears that it hasn #39;t given up on Internet Explorer and that it #39;s really, really important to the future of Microsoft, to the next version of Windows, etc.",Sci/Tech
6499,"Knicks Hold Off Raptors, 108-102 New York Knicks #39; Jamal Crawford puts up a shot against the Toronto Raptors during the second quarter Saturday, Nov. 27, 2004. Crawford scored 30 points in the Knicks #39; 108-102 win.",Sports
5375,"Cablevision Narrows Loss on Revenue Surge Cablevision Systems Corp. on Tuesday said it narrowed its third-quarter loss as revenue jumped 20 percent, buoyed by subscriber growth.",Business
5897,"Australia comdemns apparent killing of aid worker in Iraq Australia #39;s Foreign Minister, Alexander Downer, says the apparent murder in Iraq of aid worker, Margaret Hassan, is a heinous and inexcusable crime.",World
265,"Groups Eager to Meet With Bush, Kerry (AP) AP - Organizations representing the nation's 3 million scientists, engineers and doctors have invited both presidential candidates to have a word with them  #151; online.",Sci/Tech
4958,"London Times goes strictly tabloid After more than two centuries as a broadsheet newspaper, The Times of London has gone strictly tabloid. On Monday, The Times moved to a totally compact format after almost a year of dual publication.",Sci/Tech
4761,"Israel would not bar Arafat return after overseas treatment JERUSALEM, Oct 28 (AFP) - Israel will not bar ailing Palestinian leader Yasser Arafat from returning to the West Bank if he were to leave for medical treatment, senior government spokesman Raanan Gissin told AFP Thursday.",World
6874,"UCLA, Notre Dame Win Soccer Matchups (AP) AP - UCLA soccer coach Jillian Ellis was happy to beat her best friend, Princeton counterpart Julie Shackford. After all, a spot in the NCAA championship game was on the line.",Sports
6428,Police use stun gun to subdue T-Wolves #39; Olowokandi Minnesota Timberwolves center Michael Olowokandi was arrested early yesterday after police used a stun gun to subdue him when he refused to leave an Indianapolis club.,Sports
2831,"Rough ride won #39;t stop next X Prize shot The rolling experienced by SpaceShipOne on its first Ansari X Prize flight on Wednesday will not jeopardise the team #39;s chances of winning the \$10 million purse, team members said in a post-flight briefing.",Sci/Tech
778,"Microsoft #39;s big fix: Security patch now on the market For the past few years, viruses have attacked Microsoft #39;s operating system, Web browser or e-mail programs seemingly on a weekly basis.",Sci/Tech
3292,"Purdy Tapped as Cyber-Security Director The Department of Homeland Security has filled the nation's top cyber-security post after the previous chief abruptly resigned last week, choosing the former director's deputy to take over the position. &lt;FONT face=""verdana,MS Sans Serif,arial,helvetica"" size=""-2"" color=""#666666""&gt;&lt;B&gt;-washingtonpost.com&lt;/B&gt;&lt;/FONT&gt;",Sci/Tech
6777,Mugabe Urges Party Unity Amid Succession Struggle  HARARE (Reuters) - Zimbabwe President Robert Mugabe called  for unity on Thursday amid rare public jostling within his  ruling ZANU-PF party over who will eventually succeed the  controversial 80-year-old leader.,World
1648,"Greek Orthodox patriarch is accident victim Vatican, Sep. 13 (CWNews.com) - The Greek Orthodox Patriarch Petros VII of Alexandria was killed in a helicopter crash on September 11, along with several other Orthodox prelates, as he traveled to Mount Athos.",World
1054,"He's caught up in hurricane There was the \$5 million Deutsche Bank Championship to prepare for and the Ryder Cup is a few weeks away, but the first order of business for Jim Furyk yesterday was to make sure his wife and children were headed for safety.",Sports
3582,"Nobel Economics Prize Awarded Norwegian-born Finn Kydland and Edward Prescott of the United States won the 2004 Nobel\economics prize, the Royal Swedish Academy of Sciences said on Monday.",Business
4345,Starting for Cardinals Has Privileges St. Louis is a collection of superstar position players and anonymous pitchers.,Sports
933,"Orion Debuts Cluster Workstation Orion Multisystems, a new company founded by former Transmeta (Quote, Chart) executives, debuted a family of workstations Monday that think and act like a cluster of servers.",Sci/Tech
3439,"Reclusive Amish could be thrown into election battleground (AFP) AFP - Martha Lapp hopes to vote for the first time in the US presidential election, in which the reclusive Amish sect that her family belongs to could play a key role.",World
518,Martian Weather Blamed for Loss of Beagle 2 Description: An investigation into the loss of Britain #39;s Beagle 2 spacecraft last December suggests the cause may have been unusual Martian weather.,Sci/Tech
2438,"Mom Hugs 'Miracle' Baby After Ovarian Transplant (Reuters) Reuters - Ouarda Touirat, her day-old baby\daughter nestling in her arms, said Friday she had never lost\hope that she could conceive after cancer treatment left her\infertile.",Sci/Tech
7208,US mounts fresh attack on Taliban The US-led militarycoalition in Afghanistan has beguna big offensive against militants loyal to the ousted Taliban regime in an attempt to quash any attempt to disrupt parliamentary elections next spring.,World
6081,"Dream TV Screen, Now in Size Large The most desired electronic gift item for this holiday season is a plasma TV. You might, however, want to consider something that wasn't even in the running: L.C.D.",Sci/Tech
7138,Steelers Look Super The Steelers have all the ingredients to make a run for their fifth Super Bowl title while the NFC trots out its weakest set of challengers in memory.,Sports
7410,"Google takes the competition to school While rivals scramble to catch up on the desktop, Google plans to digitize famous libraries. Its official. Google is the most dangerous media company on the planet.",Sci/Tech
149,"Greek sprinters arrive at IOC hearing ATHENS (Reuters) - Greek sprinters Costas Kenteris and Katerina Thanou have arrived at an Athens hotel for an International Olympic Committee (IOC) hearing into their missed doped tests, a saga that has shamed and angered the Olympic host ...",Sports
1920,"Consumer Prices Climb; Jobless Claims Up (AP) AP - Consumer prices barely budged in August, suggesting that inflation isn't currently a problem for the economy and Federal Reserve policy-makers can stick with a gradual approach to raising interest rates.",Business
1986,"Labels, Microsoft in talks on CD copying Record labels and Microsoft are in discussions about ways that the next generation of the Windows operating system, code-named Longhorn, can support copy-protected CD technology.",Sci/Tech
3792,"It's always something with Sox Forget about the Curse and all that nonsense. The real ongoing issue with the Boston Red Sox is the fact that they are eternally held hostage by what we shall call  quot;Gilda's Law. quot; (OK, Roseanne Roseannadanna's.)",Sports
1887,"U.S. Says New Images Show Iran Plans Nuclear Bomb  VIENNA (Reuters) - A senior U.S. official said on Thursday  that satellite photographs of a suspected nuclear industrial  site in Iran demonstrated its intention to develop atomic  weapons, an allegation Tehran dismissed as ""a new lie.""",World
7086,"Sharon, with Party Backing, Invites Labour Into Govt  JERUSALEM (Reuters) - Israeli Prime Minister Ariel Sharon  on Friday invited the opposition Labour Party to begin talks to  form a unity government, a move that would avoid early  elections and pave the way for a withdrawal from Gaza.",World
6845,ABB shares fall on court verdict Shares in Swiss engineering giant ABB plummet 13 after a US court rejects its bid to limit a multi-billion dollar asbestos claim,Business
327,"Italian PM #39;s transplant confirmed After days of speculation sparked by the white bandanna worn by Mr Berlusconi on holiday in Sardinia, Piero Rosati said the results of the operation would show in a couple of months.",World
748,"US Space Agency Improves Shuttle Safety, Management The US space agency, NASA, continues work on improving the safety of the space shuttle, before the fleet of orbiters resumes its visits to the international space station next year.",Sci/Tech
5999,"US ends Jamaica #39;s Cup hopes Eddie Johnson scored his fifth goal in three games Wednesday and the US national soccer team eliminated Jamaica from 2006 World Cup contention with a 1-1 tie at Columbus, Ohio.",Sports
4373,"Sharapova, Molik Advance to Swisscom Final (AP) AP - Wimbledon champion Maria Sharapova advanced to the final of the Swisscom Challenge, defeating fellow Russian Elena Dementieva 4-6, 6-2, 6-3 in one of Saturday's semifinals. The fourth-seeded Sharapova, who eliminated Venus Williams in the quarterfinals, extended her winning streak to 12 matches.",Sports
2487,Hu issues certificates to two new generals Chinese President Hu Jintao presented on Saturday certificates to two nearly promoted generals in his capacity as chairman of the Central Military Commission (CMC) of the Communist Party of China.,World
4734,Australia establish 300-run lead in third India Test (AFP) AFP - Australia batted cautiously in their second innings to build a lead of 300 runs over India with nine wickets in hand in the third cricket Test here.,World
239,"After Wait, Google Set for Market Debut  NEW YORK (Reuters) - Shares of Google Inc. will make their  Nasdaq stock market debut on Thursday after the year's most  anticipated initial public offering priced far below initial  estimates, raising \$1.67 billion.",Business
7377,"UPDATE: Air China Shares Up 8 On Hong Kong Debut HONG KONG (Dow Jones)--Air China Ltd. #39;s (0753.HK) stock gained 8 on its debut on the Hong Kong stock exchange Wednesday, and analysts said there is scope for slight further ",Business
1646,"Italian GP, Race Fernando spun out of third position while Jarno finished tenth in this afternoon's Italian Grand Prix",Sports
5141,"Search Marketing Beyond Google and Overture When most people talk about pay per click (PPC) search engine advertising, Google and Overture (Yahoo!) take center stage.  But in reality, there are hundreds of smaller 'Tier Two' search engines that offer compelling PPC opportunities. ",Sci/Tech
6687,"With Ban Pending, Hamilton Loses Ride Tyler Hamilton, who won an Olympic gold medal for the United States in Athens, was fired last Thursday by Phonak, his Swiss cycling team, two months after testing positive for illegal blood transfusions.",Sports
2082,Microsoft Opens Office Source Code to Governments Microsoft Corp. will allow governments around the world that use its software to have controlled access to the source code for its pervasive Microsoft Office 2003 desktop offerings for the first time.,Sci/Tech
3068,"Mexico's 'Fire Volcano' Erupts, No Evacuations Yet (Reuters) Reuters - Mexico's so-called ""Fire\Volcano"" spewed lava, glowing rocks and flames on Friday in an\eruption that authorities said was not yet serious enough to\evacuate nearby villages.",Sci/Tech
343,Fleisher Surges Clear Bruce Fleisher carded a seven-under-par 65 to take a three-shot lead after the second round of the Greater Hickory Classic in North Carolina.,Sports
6866,"Lycos Europe Pauses Anti-spam Efforts Lycos Europe #39;s controversial anti-spam efforts had a bumpy first week, with various availability problems, some of which may have been caused by the same spammers the site targeted with distributed denial of service (DDoS) attacks.",Sci/Tech
1297,"PC Screen Price-Fall to Slow in Fourth Quarter (Reuters) Reuters - Prices of computer screens are expected\to fall by less than 5 percent in the fourth quarter as the\market stabilizes on hopes of a pick-up in demand during the\Christmas season, a U.S.-based research firm said on Tuesday.",Sci/Tech
2495,"NFL Postpones Miami Game, Due to Hurricane Jeanne The National Football League has postponed Sunday #39;s scheduled game between the Pittsburgh Steelers and the Miami Dolphins in Miami due to the threat of Hurricane Jeanne.",Sports
6556,"PA #39;s Abbas rules out interim deal with Israel The Palestinians will not accept an interim settlement with Israel, Palestine Liberation Organization chief Mahmoud Abbas told the Arab League during a visit to Egypt yesterday.",World
163,"Philippine Rebels Free Troops, Talks in Doubt  PRESENTACION, Philippines (Reuters) - Philippine communist  rebels freed Wednesday two soldiers they had held as ""prisoners  of war"" for more than five months, saying they wanted to  rebuild confidence in peace talks with the government.",World
6814,"NTL to shed broadcasting arm Britain #39;s biggest cable company, NTL, agreed yesterday to sell its radio and television broadcasting business for 1.27bn to a consortium led by a fund managed by Australia #39;s Macquarie Bank.",Business
2205,"Stocks Close Higher on Brokerage Earnings NEW YORK - Stocks dashed higher Tuesday as investors welcomed strong earnings from financial services companies, upbeat economic data and some reassuring news from the Federal Reserve.    The Fed's decision to raise short-term interest rates by another quarter-percentage point to 1.75 percent did not come as a surprise to the market...",World
5986,"Pilgrim Baxter founders to pay \$160m WASHINGTON -- The two founders of the Pilgrim Baxter mutual fund family have agreed to pay \$80 million each to settle regulators' charges of improper trading to benefit themselves and friends at the expense of longer-term shareholders, the authorities said yesterday.",Business
1856,"UN Says More Money Needed for Population Programs The United Nations released its annual population report on Wednesday, and it said it needs more money for population programs. A top United Nations official says if more money isn #39;t found for population programs ",World
6910,"Supreme Court Hears Wine Sales Case Winemakers who want to ship directly to consumers across state lines got a sympathetic hearing at the Supreme Court today, as the justices heard oral arguments in a case that could have a dramatic effect on Internet commerce and states' power to regulate the alcohol trade.",Sci/Tech
5101,"Nokia sees strong demand for smartphones and camera phones in 2005 Nokia has forecast that smartphone shipments worldwide are expected to increase to 238 million units by 2008, up from 23 million this year, according to Anssi Vanjoki, executive vice president and general manager of multimedia at Nokia.",Sci/Tech
3707,Iraq nuclear losses  #39;a scandal #39; Former UN chief weapons inspector Hans Blix has said the loss of control of Iraq #39;s nuclear sites by the US after it occupied the country was scandalous.,World
4500,Eagles remain unbeaten David Akers kicked a 50-yard field goal in overtime to help the Eagles to a 34-to-31 victory over the Cleveland Browns. Donovan McNabb matched a career high with four touchdown passes.,Sports
2754,"Supernova Warning System Will Give Astronomers Earlier Notice Duke University -- A Supernova Early Warning System (SNEWS) that detects ghostlike neutrino particles that are the earliest emanations from the immense, explosive death throes of large stars will alert astronomers of the blasts before they can see the flash.     SNEWS ""could allow astronomers a chance to make unprecedented observations of the very early turn-on of the supernova,"" wrote the authors of an article about the new system in the September issue of the ""New Journal of Physics.""     They also noted that ""no supernova has ever been observed soon after its birth.""     Big stars end their lives in explosive gravitational collapses so complete that even the brilliant flashes of light usually announcing these extremely rare ""supernova"" events stay trapped inside, unseen by astronomers, for the first hours or days...",Sci/Tech
6696,"Knicks: Crawford hits the one that counts The old axiom is that it doesn #39;t matter how many shots you miss; if you #39;re a shooter, you have to keep shooting. Jamal Crawford missed 21 shots against the Atlanta Hawks last ",Sports
322,"Liverpool completes signings of Alonso, Garcia LIVERPOOL, England (AP) -- Spanish pair Xabi Alonso from Real Sociedad and Luis Garcia from Barcelona signed five-year contracts with Liverpool on Friday. ",Sports
6217,"For Dempsey, soccer impasse qualifies as a concern US national team candidates expected to begin training in Los Angeles this week for the start of the final round of World Cup qualifying. Instead, the training camp has been postponed because of a contract dispute between the US Soccer Federation and the US National Soccer Team Players Association.",Sports
98,"Delegation Is Delayed Before Reaching Najaf AGHDAD, Iraq, Aug. 17  A delegation of Iraqis was delayed for security reasons today but still intended to visit Najaf to try to convince a rebellious Shiite cleric and his militia to evacuate a shrine in the holy city and end ...",World
3088,THIERRY HEELS THE WOUNDS THE MARK of brilliance is to produce the unexpected. The proof of genius is to do it time and again. Thierry Henry is a brilliant genius.,Sports
531,"Cisco to acquire P-Cube for \$200M SAN JOSE, Calif.Cisco Systems Inc. said it has agreed to acquire P-Cube for \$200 million in stock and cash to enable service providers to further control and manage such advanced Internet Protocol services ",Sci/Tech
167,Cox Communications forms committee to advise on buyout Cox Communications Inc. #39;s board of directors has formed a special committee of independent directors to consider Cox Enterprises Inc. #39;s proposal to take the company private in a \$8 billion stock buyout. ,Business
7123,"Mind more free now Calcutta: Anil Kumble began the year looking to quickly reach 435. He got there (and went one better) in Dhaka on Friday afternoon, the opening day of the second last Test of 2004.",Sports
4176,Blair is  #39;Using Our Troops to Boost Bush #39; Tony Blair last night stood accused of conspiring to use British troops in Iraq as a  quot;political gesture quot; to help George W Bush in the US presidential election.,World
6024,"Leading Indicators Down for 5th Month (Reuters) Reuters - A key forecasting gauge of future\U.S. economic activity fell for a fifth straight month in\October, a private research firm said on Thursday.",Business
6569,"Burger and Boks get IRB gongs South Africa #39;s Schalk Burger has been honoured as international rugby #39;s player of the year in 2004. The Springboks, the reigning Tri Nations champions, also scooped the awards for Team of the Year and Coach ",Sports
5977,"Argentina Heads World Cup Qualifying Group After Brazil Loses Argentina moved atop South America #39;s qualifying group for the 2006 soccer World Cup with a 3-2 victory over Venezuela, grabbing the lead after world champion Brazil suffered its first defeat of the campaign.",Sports
4289,Hummer going smaller for share of big market General Motors hopes to make its hulking Hummer lineup  quot;more approachable quot; with a new midsize sport utility vehicle scheduled to go on sale next spring.,Business
5306,"IBM to commercialize Blue Gene supercomputer Fresh from setting a record for performance among supercomputers just a few days ago, IBM on Monday announced it is making a commercial version of its Blue Gene system available to be aimed at businesses and scientific researchers.",Sci/Tech
988,Microsoft To Ship Longhorn in 2006 Without WinFS Microsoft will ship its next Windows client code-named Longhorn in 2006 as originally promised -- but without the next-generation file system known as WinFS.,Sci/Tech
6911,Partner: Free Verisign SSL Certificate Don't miss the opportunity! Obtain a FREE SSL Trial ID today.,Sci/Tech
4075,Creative Sound Blaster Wireless Music &lt;strong&gt;Review&lt;/strong&gt; From PC to hi-fi via Wi-Fi,Sci/Tech
6138,"Lawyers In the Limelight By all appearances, Steven Woghin was a lawyer at the top of his game. After years in government service, the former Justice Department attorney had worked his way up to a comfortable six-figure salary and the chief legal job at software maker Computer Associates International Inc.",Business
3458,"House Passes Corporate Tax Bill The House, by a vote of 280 to 141, gave final approval last night to a far-reaching tax bill that provides a rich array of breaks to manufacturing companies, energy producers and small businesses and underwrites a \$10 billion buyout of American tobacco ",Business
1346,"Space Capsule Heading Back to Earth A space capsule holding atoms collected from solar wind was en route to a tricky rendezvous with Earth, offering scientists the first material NASA has brought back from space in nearly three decades.",Sci/Tech
2035,"SAN FRANCISCO Mission District cyclist blew whistle on flawed lock The triumph last week of the Bic pen over expensive, state-of-the-art steel locks has panicked the bicycling community, and churned Internet rumor mills about how much the lock manufacturer knew and when the company knew it.",Business
3828,Harvard Seeks Permission to Clone Human Embryos (Reuters) Reuters - Harvard University researchers said\on Wednesday they were seeking permission to use cloning\technology to make human stem cells.,Sci/Tech
3333,Blair: Time for Excuses on Africa Is Over (Reuters) Reuters - British Prime Minister\Tony Blair is to say Thursday that the time for excuses on\Africa is over as he chairs a meeting in Ethiopia he hopes will\turn the continent's problems into a global priority.,World
2906,"Bush, Kerry Differ on Approach to North Korea  SEOUL (Reuters) - The determination of North Korea to  develop nuclear arms could harden after President Bush and his  rival, Senator John Kerry, clashed over how to proceed with  six-party talks on Pyongyang's ambitions, analysts said.",World
915,"Al-Sadr Calls on Militia to Stop Fighting BAGHDAD, Iraq - Rebel Shiite cleric Muqtada al-Sadr called for his followers across Iraq to end fighting against U.S. and Iraqi forces and is planning to join the political process in the coming days, an al-Sadr aide said Monday...",World
3229,"Yahoo offers personal search Yahoo launched a new service designed to let users of its search engine save and manage their query results for accessing later and sharing with others, the company said Tuesday.",Sci/Tech
1004,Old Rumors of Gay Sex Prove Powerful on Web Va. GOP members chose Del. Thelma Drake (Norfolk) to replace Rep. Edward L. Schrock after he resigned amidst allegations Schrock indulged in or solicited gay sex.,Sci/Tech
6698,"Terms of Endearment   Seems that the Bush administration, unlike previous White Houses, is not necessarily averse to allowing its ambassadors to have second tours. For example, word is that    John     Thomas ""Tom    "" Schieffer , the Texas oilman who brought    President Bush  into the Texas Rangers baseball club partnership and who is now ambassador to Australia, is to hang out in the Pacific a while longer, this time as ambassador to Japan.",World
2142,"TruSecure merges with Betrusted BOSTON - Information security services companies TruSecure Corp. and Betrusted plan to announce on Tuesday that they have merged, forming a new company called Cybertrust.",Sci/Tech
4018,Els still has Major ambitions Ernie Els has another 1.4m and a World Match Play record all to himself. But he wants more. And top of the South Africans agenda for 2005 is to try to win the Masters and US PGA titles.,Sports
5568,"Sharon cautious on reopening talks The Israeli prime minister, Ariel Sharon, yesterday said the death of his long-time rival, Yasser Arafat, could prove to be  quot;a historic turning point in the Middle East quot;.",World
6411,No. 17 Rutgers Stops South Dakota State (AP) AP - Freshman guard Matee Ajavon scored 29 points to lead Rutgers over South Dakota State 68-50 on Thursday in the opening game of the Paradise Jam tournament in the U.S. Virgin Islands.,Sports
6332,British Media: Security Stopped Several Major Terrorist Attacks A British television station and a newspaper are reporting that British security services believe they have thwarted several major attacks planned by terrorists linked to Osama bin Laden #39;s al-Qaida organization.,World
2720,"Unrest Spreads To Southern Iraq (CBS/AP) As US forces continued to bombard the restive city of Fallujah and clashed with militants in the streets of Baghdad, there was unrest in the normally quiet British-patrolled city of Basra.",World
6720,"Microsoft sues over fake labels Microsoft has sued eight US computer resellers who it says bought or sold counterfeit Certificate of Authenticity labels or genuine labels that had been separated from their related software, all in breach of copyright and trade mark laws.",Sci/Tech
6094,"TheStreet.com May Be Up for Sale -- Report (Reuters) Reuters - TheStreet.com Inc. , the\financial news and commentary Web site, may be up for sale,\according to a report in Business Week, sparking a 7 percent\rise in its shares.",Sci/Tech
4651,"Chirac says Turkey's EU bid 'not a done deal' (AFP) AFP - French President Jacques Chirac said Wednesday that Turkey's EU membership bid was  quot;not a done deal, quot; although he believed it was in Europe's best interests, a government spokesman reported after a cabinet meeting.",World
1391,"Intel conference: Power shift As Intel pursues a new path with improved multi-core chips, AMD says its already one step ahead. Intel told the world this week that there is no race to market the next generation of microchips.",Sci/Tech
4787,"UK gives blessing to open source With most organizations that planned to move already moved to Microsoft Server 2003, OS migration has dropped to the bottom ranks after making its ",Sci/Tech
7533,"Israel won #39;t attend London Mideast conference Israel will not attend a Middle East conference in London early next year but backs its stated aim of fostering Palestinian reform in pursuit of peace after Yasser Arafat #39;s death, a senior official says.",World
5892,We have to learn to be patient on Indian pitches: Smith (AFP) AFP - South African skipper Graeme Smith said his team had to learn to be patient on slow pitches if they hoped to do well in an upcoming two-Test series against India.,World
5302,"Interest rates to mark time AUSTRALIAN home owners can breathe a sigh of relief: stable interest rates are predicted well into next year. The Reserve Bank issued a glowing report card on the Australian economy yesterday, now that the ",Business
1739,"Pakistan turns up heat on al Qaeda Pakistani forces have been battling al Qaeda fighters in an ongoing operation to rout terrorists in a tribal area near the border with Afghanistan, Pakistani intelligence sources said.",World
1154,"Email this to a friend Print this story Never content with the simple things in life, Microsoft is apparently on a mobile media crusade with the deceptively unassuming announcement of the companies MSN Music service.",Sci/Tech
6837,"Iraq Attacks Leave at Least 20 Dead Iraqi insurgents staged nearly simultaneous attacks Friday morning on police stations at opposite ends of Baghdad, killing at least 20 people, freeing dozens of prisoners and emptying a police arsenal in a demonstration of the militants' strength in the heart of the country.",World
3386,ECB  quot;consensus quot; kept rates steady today European Central Bank president Jean-Claude Trichet has said that today #39;s decision to leave euro interest rates unchanged reflected a broad consensus on the governing council of the bank.,Business
7487,"UPDATE 1-BMW, Honda drop challenge to F1 rules Carmakers BMW and Honda have dropped plans to challenge Formula One #39;s governing body over engine rules for 2006 after deciding that legal action would be bad for motor racing.",Sports
4666,"Rumsfeld turns to radio interviews in battleground states to defend Iraq situation (AFP) AFP - US Defense Secretary Donald Rumsfeld says he has been ordered not to comment on the presidential elections, but it hasn't kept him from defending the war in Iraq in interviews with radio talk show hosts in battleground states.",World
5592,"France joins Germany, Japan in economic slide (AFP) AFP - The French economy hit a rough patch in the third quarter, throwing the government's full-year growth target into question amid signs of an economic slowdown in the 12-nation eurozone.",Business
4095,"National Guard HQ attacked near Baghdad A mortar attack on an Iraqi National Guard headquarters north of Baghdad killed at least four National Guards and injured 80 others, officials said Tuesday.",World
5320,"Ivorian unrest poses new test for France Two years after French forces arrived to restore order in turmoil-torn Ivory Coast, a peace agreement between Ivorian rebels and the government of President Laurent Gbagbo is in ",World
4177,"Microsoft Tests Advanced IM for Enterprises The Istanbul technology is meant to replace MSN chat and Windows Messenger. Microsoft has not released much information on the technology, which may not reach market until next year or even later.",Sci/Tech
4527,"Qualcomm: A  quot;Wireless Intel quot;? Qualcomm began life in 1985 in a very unremarkable way -- in founder Irwin Jacobs #39; den. The space was small and crowded. The founding crew consisted of seven people, who were enthusiastic but low key.",Sci/Tech
4044,"Australian journalist tells of capture in Iraq TONY EASTLEY: An Australian journalist snatched by insurgents in Iraq, has contradicted claims by Foreign Minister Alexander Downer that he was kidnapped in a part of Baghdad where he was advised not to go.",World
1946,"\$78,000 for a Cane That Helped a Legend Walk the Line Many of Johnny Cash's possessions were sold at Sotheby's, collecting \$3,984,260 for the Cash family, more than double the pre-auction estimate.",World
4728,"Tennis: Leading Brits go marching on TIM HENMAN showed he was on top form despite being diagnosed as suffering from magnesium deficiency, with a straight-sets win over Antony Dupuis in the first round of the Davidoff Swiss Masters.",Sports
1098,The Bahamas - the real medal winner of the Athens Olympics A different way of calculating the medal standings brings some interesting results.,Sci/Tech
6771,England's Lawyers Try to Get Photos Thrown Out Lawyers for Pfc. Lynndie R. England sought Wednesday to throw out evidence at the heart of the Abu Ghraib prison scandal -- the now-infamous photos showing her smiling and pointing at naked Iraqi detainees.,World
310,"Clicking on Profits The latest data from the US Department of Commerce further bolsters what we have all suspected: E-commerce sales are increasing. Not only might one suspect that consumer confidence has been bolstered since last year, there ...",Business
4068,Karzai Camp Scents Victory Early in Afghan Poll  KABUL (Reuters) - Afghan President Hamid Karzai was on  course on Tuesday for an outright victory in the country's  historic presidential election with almost a quarter of the  votes counted from the poll 10 days ago.,World
6965,Justices hear cases on shipping wine (USATODAY.com) USATODAY.com - States that block direct shipments of wine to consumers from out-of-state wineries faced skeptical comments from Supreme Court justices on Tuesday.,World
10,"Group to Propose New High-Speed Wireless Format  LOS ANGELES (Reuters) - A group of technology companies  including Texas Instruments Inc. &lt;TXN.N&gt;, STMicroelectronics  &lt;STM.PA&gt; and Broadcom Corp. &lt;BRCM.O&gt;, on Thursday said they  will propose a new wireless networking standard up to 10 times  the speed of the current generation.",Sci/Tech
2866,"Treasury Chief Urges Debt Relief for Poor Nations Global lenders need to offer more grants and debt relief to poor countries and tailor lending toward the private sector, Treasury Secretary John Snow said today.",Business
1742,"LETTER FROM EUROPE The All-Too-Human Hitler, on Your Big Screen The release of a major movie about Hitler is, by definition, a remarkable event in Germany, especially if it portrays one of history #39;s great monsters as a human being, given ",World
2109,HOW DOES MONTGOMERIE RANK AMONG THE GREATS? Scotland #39;s Colin Montgomerie sank the winning putt at the 35th Ryder Cup at Oakland Hills in Detroit to ensure the trophy remained in European hands and maintain his unbeaten record in singles matches in the competition.,Sports
6529,"DEFOE DRIVES SPURS HOME Jermain Defoe underlined his claims for an improved contract as he inspired Tottenham to a 2-0 win against 10-man Middlesbrough. New coach Martin Jol, who secured his first win in charge, may have been helped ",Sports
473,New Overtime Rules Take Effect New Bush administration rules that scale back overtime eligibility for white-collar workers took effect on Monday over protests that they would slash paychecks at a time of economic uncertainty.,Business
7352,"Knee surgery for Falcons #39; Duckett CBC SPORTS ONLINE - Atlanta Falcons running back TJ Duckett is expected to undergo minor arthroscopic surgery on his left knee Tuesday, so will miss this Saturday #39;s contest versus Carolina.",Sports
3867,"Oil rallies to new record high Crude oil futures rallied late Friday to a new record high of \$54.90, a day after a decline in the US inventory of heating oil roiled a market already on edge over tight supplies, high demand and unrest among key producers.",Business
5401,"New Columbia Athletic Director Sounds Off (AP) AP - One day on the job, and Columbia University athletic director M. Dianne Murphy wasted little time saying what she thought of the school's sports performance.",Sports
814,"TOMPKINS: Young Brit who fought here has shot at gold Great Britain #39;s Amir Khan, who looked so impressive in winning the 132-pound championship at the Junior International Invitational Boxing Championships here last summer, has a chance for an Olympic gold medal in the lightweight division today.",Sports
6870,Bush Signs Internet Access Tax Ban State and local governments will be barred from taxing connections that link people to the Internet for the next three years under legislation signed Friday by President Bush.,Sci/Tech
3300,Sudan agrees peace plan after Blair sets deadline Sudan agreed to a five-point peace plan for the war-torn region of Darfur yesterday after Tony Blair set a three-month deadline for an end to the long-running conflict.,World
4302,Sri Lanka off to positive start Kumar Sangakkara's unbeaten fifty revives Sri Lanka's chances against Pakistan.,World
2751,"Angels Ascend to First-Place Tie With A's (AP) AP - For the first time in over three months, the Angels are back in first place.",Sports
2944,"Stocks Climb on Strong Economic Data NEW YORK - Newly optimistic investors sent stocks sharply higher Friday, propelling the Dow Jones industrials up more than 100 points, after economic data showed strength in manufacturing and construction. Wall Street greeted the departure of PeopleSoft Inc.'s chief executive by buying up technology shares...",World
455,Wariner Succeeds Johnson as 400 Meter Champion  ATHENS (Reuters) - American 400 meters champion Jeremy  Wariner succeeded Michael Johnson as the Olympic gold medallist  Monday with a personal best of 44.00 seconds.,Sports
5585,No. 12 Mississippi St. Struggles in Opener (AP) AP - Two of the three ranked teams playing on the opening night of the college basketball season cruised to easy wins. Then there was Mississippi State.,Sports
6770,"Ukrainian opposition makes gains KIEV -- The Ukrainian parliament voted yesterday to dismiss the government headed by the declared winner of a disputed presidential vote, Prime Minister Viktor Yanukovych, handing the opposition a victory in its campaign to overturn national election results.",World
2684,"Motorola to Cut 1,000 Jobs  NEW YORK (Reuters) - Telecommunications equipment maker  Motorola Inc. &lt;A HREF=""http://www.investor.reuters.com/FullQuote.aspx?ticker=MOT.N target=/stocks/quickinfo/fullquote""&gt;MOT.N&lt;/A&gt; said on Tuesday that it would cut 1,000  jobs and take related charges of about \$50 million to focus on  its wireless business.",Business
6482,Stephen Dodd leads Volvo China Open Stephen Dodd took a three-stroke lead Friday after 36 holes of the Volvo China Open in Shanghai to stand six-under-par 138 after two rounds.,Sports
5524,"Wall Street: Will the rally continue through December? So far, Wall Street #39;s hoped-for fourth-quarter rally has met investors #39; expectations. But there #39;s been enough bad news lately to make you wonder if the buying will sputter.",Business
3491,Rumsfeld to Meet Foreign Defense Chiefs on Iraq  MANAMA (Reuters) - Defense Secretary Donald Rumsfeld was  set to meet defense chiefs from about 18 nations aboard a U.S.  aircraft carrier in the Gulf Saturday as the United States  looks to improve the security situation in Iraq with January  elections looming.,World
3810,"Al-Aqsa mosque restriction lifted Israel says it will not restrict access to the al-Aqsa mosque compound in Jerusalem during the Muslim holy month of Ramadan, that begins on Friday.",World
6886,Scarred Beslan offers tsunami aid The Russian town of Beslan - scene of a bloody school siege last year - pledges aid for tsunami victims.,World
156,Oil Sets New Record \$47 on Iraq Threat  LONDON (Reuters) - Oil prices surged to a new high of \$47 a  barrel on Wednesday after a new threat by rebel militia against  Iraqi oil facilities and as the United States said inflation  had stayed in check despite rising energy costs.,Business
1769,"CBOE to sell stake in National exchange, buy CBOT rights The Chicago Board Options Exchange said Tuesday its directors approved steps to reduce its financial ties to two other exchanges in town.",Business
3014,"IMF, World Bank look to keep global recovery strong (AFP) AFP - Facing a global economy on the mend but threatened by surging oil prices and other factors, IMF and World Bank policymakers opened two days of meetings Saturday to discuss ways to keep the recovery on track.",Business
5168,"Diamondbacks Fire New Manager Backman Wally Backman is introduced as the new manager of the Arizona Diamondbacks during a news conference on Nov. 1, 2004, in Phoenix. Backman was fired Friday, Nov. 5, by the club.",Sports
6795,"Explosion in Jerusalem Caused by Accident -Police (Reuters) Reuters - A blast heard in central Jerusalem on\Thursday was caused by the apparently accidental explosion of a\gas canister inside a shop, police said.",World
1174,"Sharapova ousted They were 78 feet and a generation apart. On one end of the Arthur Ashe Stadium court stood Maria Sharapova, the 17-year-old Wimbledon champion with a future as bright as her usual smile.",Sports
5124,Confident Bush Outlines Ambitious Plan for 2nd Term President Bush said he would begin work immediately on his proposal to overhaul Social Security.,World
5924,"Microsoft #39;s quest for Google-like gold falls short, for now Microsoft Corp. last week released a preview version of its new Internet search engine. It will be available in its final form early next year.",Sci/Tech
7023,Top Cyber News 12/9 It #39;s a clash between the film industry and a consumer electronics company over a home theater jukebox. The legal battle is over something called the Kaleidescape System.,Sci/Tech
4451,"Regulators Let Cingular Buy AT amp;T Wireless The \$41 billion merger between Cingular Wireless LLC and AT amp;T Wireless Services Inc. won approval from the Federal Communications Commission yesterday, according to federal sources close to ",Sci/Tech
3347,"Team almost had another legend SACRAMENTO -- The one who got away, Part I. With his collection of bow ties and an academic air, Sacramento assistant coach Pete Carril would have fit perfectly among the professors and scholars in Boston. He is, after all, one of the most intelligent and respected basketball minds living.",Sports
5098,"Brennan Confirms Departure For 18 years Tom Brennan has been has been a sidelines fixture at Patrick Gym.His 19th will be his last. Today at his news conference, Brennan admitted he was at the end.",Sports
1291,Drug makers target counterfeits Big pharmaceutical companies are testing new tracking technology they hope will help them spot counterfeit drugs before they reach consumers' medicine cabinets.,Business
920,Microsoft spends 1bn to keep out the hackers The growing threat of hackers and viruses has prompted Microsoft to roll out a billion- dollar upgrade of its Windows computer operating system to strengthen security.,Sci/Tech
4355,"In OT, first-minute men lift UMass Stephen Werner and the Minutemen weren't easily discouraged in their Hockey East opener last night.",Sports
6648,"Screensaver Strikes Back at Spammers New software allows recipients of spam to band together to target known websites behind the messages. The idea is to bombard the sites with messages, slowing them down and making them more expensive to run.",Sci/Tech
7576,"2005 American Bowl teams announced New York, NY (Sports Network) - Indianapolis will take on Atlanta in the 2005 American Bowl in Japan, the league announced Friday.",Sports
3555,"Senate Resolves Corporate Tax Bill Delay WASHINGTON - The Senate late Sunday resolved a dispute delaying passage of a sweeping corporate tax bill and two spending bills for disaster relief and homeland security, clearing the way for senators to adjourn Monday to hit the campaign trail.    The agreement removed parliamentary roadblocks thrown up by Sen...",World
5365,"Dollar Holds Above Record Low Vs Euro  LONDON (Reuters) - The dollar held almost a cent above its  record low against the euro on Tuesday, winning a respite after  heavy selling as European officials warned about a strong euro  and investors grew wary ahead of U.S. trade data.",Business
7173,ST Tele-TM Intl to buy 47.7 in Idea Mumbai: Singapore Technologies Telemedia and TM International have announced that their consortium has signed definitive agreements for the acquisition of 47.7 per cent stake in Idea Cellular.,Business
4368,Bucks' Zendon Hamilton Has Knee Surgery (AP) AP - Milwaukee Bucks forward Zendon Hamilton will miss six weeks after undergoing arthroscopic surgery on his right knee.,Sports
2232,"Legal Loophole Inflates Profits in Student Loans The White House could have closed a loophole through which student loan companies are billing the federal government nearly a billion dollars, but chose not to.",Business
6669,Panel Urges N.Y. to Pay \$14 Billion More for City Schools Court-appointed referees recommended the state pay an additional \$14 billion over four years to improve New York City schools.,World
6265,"Stelco Loses Contract to Supply GM Steel (Reuters) Reuters - Stelco Inc. (STEa.TO) has lost a\contract to supply steel to its biggest customer General Motors\Corp. , the company said on Monday, after the insolvent\Canadian steelmaker failed to strike a deal with its workers.",Business
939,"Braves Rally to Defeat Giants 7-6 (AP) AP - Even with a big lead in the NL East, the Atlanta Braves aren't taking anything for granted.",Sports
6323,"Echoes Repeats Success Don't junk that GameCube: Metroid Prime 2 provides gorgeous atmosphere, a sweet score and fun gameplay to create a winner. By Chris Kohler.",Sci/Tech
6969,Farallon to Sell \$16.3 Million in Stock Canadian mining firm Farallon Resources Ltd. on Wednesday said it agreed to privately sell about \$20 million Canadian (\$16.3 million) worth of stock to accredited investors and company insiders.,Business
2612,"Gold Indian Coin Expected to Fetch  #36;27,000 (Reuters) Reuters - An Indian gold coin which is nearly\1,900 years old and shows one of the earliest depictions of\Buddha is to be sold at auction where it is expected to fetch\up to 15,000 pounds ( #36;27,000).",Sci/Tech
5184,"22 Spend Own Fortunes, One Wins House Seat (AP) AP - Of the 22 candidates who each spent more than  #36;1 million of their own money trying to win their first election to Congress, only one made it.",World
3642,"Glacier Grows in Mount St. Helen's Crater (AP) AP - While earthquakes, steam and magma are getting all the attention on Mount St. Helens these days, the volcano's most unique feature could be the icy epitome of slow motion that has sprouted on its flanks in the last two decades: its glacier.",Sci/Tech
921,"Juniper Takes Security to Endpoints Juniper Networks (Quote, Chart) has launched a new initiative designed to improve interoperability of popular third-party antivirus and firewall measures with its own Secure Socket Layer (define) Virtual Private Network (define) appliances.",Sci/Tech
5314,"News Corp plans for poison pill News Corp, the media group led by Rupert Murdoch, on Monday announced plans for a poison pill rights issue to prevent a hostile takeover by potential predators such as Liberty Media, one of the company #39;s largest shareholders.",Business
4082,Microsoft pushes SQL Server 2005 back Users and developers anxious to get their hands on Microsoft SQL Server 2005 will have wait a little longer. Since early this year Microsoft said to expect the finished version of the product in the first half of 2005.,Sci/Tech
1566,"Callender wins job as starter Frustration set in quickly for Andre Callender. He had already waited a whole year, and now he had to wait another game to play college football.",Sports
4678,"Security report: Windows vs Linux Much ado has been made about whether or not Linux is truly more secure than Windows. The results were not unexpected. Even by Microsoft #39;s subjective and flawed standards, fully 38 of the most recent patches address flaws that Microsoft ranks as Critical.",Sci/Tech
4698,Georgia Tech Looks to Virginia Tech (AP) AP - Georgia Tech wants to avoid being embarrassed by another ACC rookie.,Sports
494,Yukos warns it oil output is lagging Beleaguered Russian energy giant Yukos has warned that it will not produce as much oil as expected this year. It blames bailiffs who are draining its bank accounts to pay its potentially ruinous tax bill.,Business
3845,"Poland to Reduce Number of Troops in Iraq (Reuters) Reuters - Poland said Friday it plans to reduce\the number of its troops in Iraq from early next year and will\not remain there ""an hour longer than is sensible.""",World
1771,"Britain #39;s unemployment falls to 20 year low British unemployment fell by 16,000 to 1.41 million between May and July, the lowest level since comparable records began in 1984, the Office for National Statistics said Wednesday.",Business
7443,"Suicide Bomber Kills 21 Iraqi Troops  BAGHDAD (Reuters) - A suicide car bomb hit a bus carrying  Iraqi National Guards on Sunday, killing 22 people in the  deadliest attack of its kind in nearly four months on Iraqis  cooperating with U.S. forces to secure a Jan. 30 election.",World
3771,Cardinals Outslug Astros to Take Opening Game  NEW YORK (Reuters) - Jim Edmonds hit a three-run double to  key a six-run sixth inning as the St Louis Cardinals beat the  Houston Astros 10-7 in the opening game of the National League  Championship Series at Busch Stadium on Wednesday.,Sports
5342,Volcano  #39;cowboys #39; who ride a ring of fire Scientists tap everything from gas-sniffing devices to GPS systems to better forecast when a mountain will stir. By Brad Knickerbocker  Staff writer of The Christian Science Monitor.,Sci/Tech
697,"Taiwan Rescuers Dig Out 7 Bodies Buried in Landslide  TAIPEI (Reuters) - Taiwan rescue workers dug out seven  bodies from mud and rock in a mountain village that was hit by  a devastating landslide triggered by Typhoon Aere, but eight  still remained buried, officials said on Friday.",World
2937,"Ford Down, Nissan Up in September Sales  DETROIT (Reuters) - Ford Motor Co. &lt;A HREF=""http://www.investor.reuters.com/FullQuote.aspx?ticker=F.N target=/stocks/quickinfo/fullquote""&gt;F.N&lt;/A&gt; posted its fourth  consecutive month of weaker U.S. sales with a 7 percent drop in  September results on Friday, and the automaker doubled its  incentives on some models to kick-start sales this month.",Business
5055,"An ominous watershed? 4 more years of trauma? BEIRUT: Consistently second only to Ariel Sharon in terms of unpopularity among Arabs, US President George W. Bush #39;s re-election victory was greeted in the Arab world with a sense of disillusionment and foreboding.",World
2747,"Tendulkar not giving up on first Test India #39;s star batsman Sachin Tendulkar says he may be fit for next week #39;s first Test against Australia, after revealing the tennis elbow injury was showing  quot;tremendous improvement.",Sports
1967,AOL Rejects SenderID (NewsFactor) NewsFactor - Questions regarding potential patent issues and skepticism from the \open source community relating to Microsoft's (Nasdaq: MSFT) SenderID have prompted global Internet service provider AOL (NYSE: AOL) to drop the anti-spam technology.,Sci/Tech
6310,A.I.G. Will Accept Monitor and Pay \$80 Million to Close Inquiries The insurance company has agreed to pay about \$80 million to settle investigations into insurance sales that were used by companies to manipulate their earnings.,Business
37,1994 Law Designed to Preserve Guard Jobs (AP) AP - A 1994 law strengthened job protections for National Guard and Reserve troops called to active duty. Here are major provisions of the Uniformed Services Employment and Reemployment Rights Act (USERRA).,World
7359,"NHL Players, Owners Reject Plans to End Lockout  TORONTO (Reuters) - Hopes of saving the National Hockey  League season all but vanished Tuesday when players and team  owners rejected proposals to end the labor dispute.",Sports
6295,"Ramsey, Redskins Come Up A Little Short in First Start Patrick Ramsey can picture each long pass he threw during his first start this season. The five deep throws came on tight spirals that were only a tad off.",Sports
5324,"Conversion Rates Between PPC (Paid) and Organic (Free) Results Conversion Rates Between PPC (Paid) and Organic (Free) Results\\In a thread over at Cre8asite Forums named Organic vs Paid traffic ROI?, there is a discussion going on about the different conversion rates and ROI seen between the pay per click traffic (paid traffic) and organic traffic (free traffic). I have ...",Sci/Tech
1498,"Light at Night Might Be a Cancer Risk By Ed Edelson, HealthDay Reporter    HealthDayNews -- Could electric light pose a cancer threat?    It might seem like the wildest of paranoid beliefs, but a growing number of scientists suspect it might be true. The reason: Turning on the lights after dark may affect a small number of ""clock genes"" that play a major role in controlling how cells live, die and function, these researchers suggest...",Sci/Tech
2674,"Meet UK #39;s  #39;Dr Dolittle #39; of animal behaviour London - Lincoln University in the east of England has appointed Britain #39;s first professor of animal psychiatry, a report said on Tuesday.",Sci/Tech
5290,Plummer spreading production Jake Plummer #39;s four touchdown passes and 137.8 quarterback rating Sunday only begins to describe the efficient air attack used by the Broncos to rout the Houston Texas 31-13.,Sports
5253,"Mauresmo Rallies to Take Advanta Title  NEW YORK (Reuters) - Top seed Amelie Mauresmo rallied to  beat Russia's sixth-seeded Vera Zvonareva 3-6, 6-2, 6-2 to  complete a successful defense of her Advanta championship title  in Philadelphia on Sunday.",Sports
745,Thai Airways orders six Airbus superjumbos Thai Airways International plans to buy six Airbus A380 double-decker aircraft that will be delivered in 2008 and 2009. The airline is also ordering two additional A340 aircraft.,Business
4673,"Stocks Up as Oil Slides  NEW YORK (Reuters) - U.S. stocks jumped on Wednesday as oil  prices, which have held investor enthusiasm for stocks in check  for months, fell sharply after a higher-than-expected crude  build last week.",Business
5722,"France, Ivory Coast relations worsen Nine French peacekeepers were killed during an air raid by Ivorian bombers more than a week ago. France responded by destroying most of the Ivorian air force.",World
6715,"UN panel proposes sweeping changes UNITED NATIONS, New York The United Nations has proposed the most sweeping changes in its history, recommending the overhaul of its top decision-making group, the Security Council, and holding out the possibility that it could grant legitimacy to pre ",World
5715,"UDA pledge ceasefire The UDA, Northern Ireland #39;s largest loyalist paramilitary group has pledged to end all violence and work towards complete disarmament.",World
27,"Tougher rules won't soften Law's game FOXBOROUGH -- Looking at his ridiculously developed upper body, with huge biceps and hardly an ounce of fat, it's easy to see why Ty Law, arguably the best cornerback in football, chooses physical play over finesse. That's not to imply that he's lacking a finesse component, because he can shut down his side of the field much as Deion Sanders ...",Sports
7569,"Apple Sues Over Web Leak of Advance Products (Reuters) Reuters - Apple Computer Inc.  is\suing anonymous people who leaked details about new products by\posting information on the Internet, court documents showed on\Friday.",Sci/Tech
1552,"Restoring an Original At Charles Schwab, executives plan a return to the firm's original mission of serving mom-and-pop, buy-and-hold investors.",Business
1117,"Argentine court acquits bombing suspects An Argentine court acquitted five suspects in the 1994 bombing of a Jewish community center that killed 85 people, La Nacion newspaper reported Friday.",World
6,"Loosing the War on Terrorism \\""Sven Jaschan, self-confessed author of the Netsky and Sasser viruses, is\responsible for 70 percent of virus infections in 2004, according to a six-month\virus roundup published Wednesday by antivirus company Sophos.""\\""The 18-year-old Jaschan was taken into custody in Germany in May by police who\said he had admitted programming both the Netsky and Sasser worms, something\experts at Microsoft confirmed. (A Microsoft antivirus reward program led to the\teenager's arrest.) During the five months preceding Jaschan's capture, there\were at least 25 variants of Netsky and one of the port-scanning network worm\Sasser.""\\""Graham Cluley, senior technology consultant at Sophos, said it was staggeri ...\\",Sci/Tech
5189,Mount St. Helens Sprouts Magma Extension (AP) AP - The new lava lobe inside Mount St. Helens' crater has sprouted a piston-like protrusion the size of a 30-story building  #151; glowing red at night.,Sci/Tech
3696,"Supreme Court to Review Inmate Freedom Law (AP) AP - The Supreme Court agreed Tuesday to consider the constitutionality of a federal law that requires state prisons to accommodate inmate religions, from Christianity to Satanism.",World
2224,"How Deadly Are Scorpions? A Malaysian woman has broken the world record for time spent living in a scorpion-filled box. Nur Malena Hassan, 27, has so far endured 32 days in a glass case with 6,069 scorpions; she ",World
7057,"America West Backs Away From ATA Bid America West Airlines backed away Thursday from a potential bidding war for bankrupt ATA Airlines, paving the way for AirTran to take over ATA operations.",Business
6633,Musharraf Can Be Pakistan President and Army Chief  ISLAMABAD (Reuters) - Pakistan's acting president signed a  bill on Tuesday that will allow military ruler Pervez Musharraf  to stay on as army chief despite his pledge to quit the office  by the end of the year.,World
4299,Staying or Going? Some Possibilities if Bush Wins President Bush plans major changes in his Cabinet if he wins a second term -- perhaps nominating the first female defense secretary and first black attorney general -- but very little change among the small group of his closest advisers.,World
5776,"Lowe #39;s Forecast Hammers Stock Home improvement retailer Lowe #39;s Cos. (LOW.N: Quote, Profile, Research) on Monday reported a 15 percent rise in third-quarter profit, aided by its expansion to New York ",Business
3694,"News Corporation to Buy 20 Presses from MAN Roland LONDON--Oct. 12, 2004-- News Corporation today announced a significant investment in News International Limited, with the expenditure over the next four to five years of more than GBP 600million on new printing plants.",Business
4239," #39;Damned Yankees #39; Send New Yorkers into Mourning New York was in shock today after their beloved baseball team the Yankees suffered a surprise defeat to arch rivals, the Boston Red Sox.",Sports
6887,IBM reported to be exiting PC business IBM #39;s possible exit from the personal-computer business would be the latest move in what amounts to a long goodbye from a field it pioneered and revolutionized.,Business
5213,"Eleusis wins Long Island  #39;cap; Personal Legend wins Turnback the &lt;b&gt;...&lt;/b&gt; Eleusis made a successful US debut by beating Literacy by 2\\ lengths in Aqueduct #39;s Saturday feature, the Grade II, \$150,000 Long Island Handicap for fillies and mares 3 and older.",Sports
3187,U.S. Defends Detentions The Bush administration argued Monday that the president can detain enemy combatants at a military prison in Cuba as long as necessary to protect national security and that they have no constitutional rights to hear charges against them.,World
6541,Hard-running Dillon #39;s difference in making champs even tougher It wasn #39;t just to resuscitate one of the league #39;s worst rushing games. It was to make Dillon and that dreadful rushing attack allies when the weather and/or the opponent demanded it -- which they did Sunday ,Sports
5771,"Deutsche Bank to Sell Scudder Business to Legg Mason Deutsche Bank AG of Germany plans to sell its New York, Philadelphia, Cincinnati and Chicago offices of Scudder Private Investment Counsel to Legg Mason Inc. for \$55 million, plus payments of up to \$26 million, the company said Monday.",Business
3627,"SKorea's Samsung to invest 24 billion dollars in new chip lines (AFP) AFP - South Korea's Samsung Electronics Co., the world's largest memory chipmaker, said it would invest some 24 billion dollars in building new chip production lines over the next six years.",World
5873,"Spanish teenager pleads guilty in first trial stemming from Madrid &lt;b&gt;...&lt;/b&gt; MADRID, Spain There #39;s been a guilty plea in the first trial stemming from the Madrid train bombings earlier this year. A 16-year-old has pleaded guilty to charges he helped transport dynamite used in the attack.",World
5896,"Google Stock Slips as New Shares Hit Market Google Inc. stock dropped more than 6 percent Tuesday as tens of millions of new shares held by early investors and employees of the search engine giant became available for sale for the first time..&lt;br&gt;&lt;FONT face=""verdana,MS Sans Serif,arial,helvetica"" size=""-2"" color=""#666666""&gt;&lt;B&gt;-The Washington Post&lt;/B&gt;&lt;/FONT&gt;",Sci/Tech
6591,"Bush Picks Kellogg CEO for Commerce President Bush on Monday chose Carlos Gutierrez, the Cuban-born CEO of Kellogg Co (KN: Quote, Profile, Research) , as his nominee to be commerce secretary, his second selection of a Hispanic for a second-term Cabinet.",Business
5044,"No quick fix in Boeing-Airbus talks World Trade Organization (WTO) talks on a transatlantic row over plane subsidies will bring no quick fix for what could be the biggest commercial dispute in WTO history, officials and analysts warned on Wednesday.",Business
6336,"No Changes for Certain Nortel Accounting Nortel Networks Corp. (NT.TO: Quote, Profile, Research) said on Wednesday that a far-reaching revision of its faulty financials will not require accounting changes for sales of certain fiber optic equipment.",Business
4491,"PalmOne Treo 650 Arrives The PalmOne Treo 650 Smartphone with high-resolution screen, Bluetooth, swappable battery and extended multimedia capabilities was officially announced today.",Sci/Tech
2,"Ky. Company Wins Grant to Study Peptides (AP) AP - A company founded by a chemistry researcher at the University of Louisville won a grant to develop a method of producing better peptides, which are short chains of amino acids, the building blocks of proteins.",Sci/Tech
1043,Strong Hurricane Roars Over Bahamas Toward Florida (Reuters) Reuters - Hurricane Frances battered the\southeastern Bahamas islands with 140 mph winds on Wednesday as\it roared toward the United States and put millions of people\on alert along Florida's heavily populated east coast.,Sci/Tech
1471,Skype releases Pocket PC software Software allows users of personal digital assistants to make free calls using Wi-Fi networks.,Sci/Tech
56,India's Tata expands regional footprint via NatSteel buyout (AFP) AFP - India's Tata Iron and Steel Company Ltd. took a strategic step to expand its Asian footprint with the announcement it will buy the Asia-Pacific steel operations of Singapore's NatSteel Ltd.,World
1453,CIA accused over Iraq detainees US army generals tell a Senate committee that dozens of detainees may have been held in secret in Iraq.,World
6370,"Skulls on your Symbian phone? Don #39;t panic! PETALING JAYA: Virus experts at British software security firm Sophos Plc have advised customers not to panic, following media reports of a Trojan horse which infects cellphones.",Sci/Tech
1047,Hague Court Imposes Defense Counsel on Milosevic  THE HAGUE (Reuters) - Judges at The Hague tribunal on  Thursday imposed a defense counsel on former Yugoslav President  Slobodan Milosevic to avoid further delays in his war crimes  trial.,World
5274,India must recognize international realities: PM Prime Minister Manmohan Singh has responded to the Left #39;s criticism of his congratulatory call to US President George W. Bush by saying India must recognise international realities.,World
7336,"Saddam #39;s aides set to go on trial Trials of some of Saddam Hussein #39;s aides will begin next week, Iraqi interim Prime Minister Iyad Allawi said. Speaking to Iraq #39;s National Council, he did not name the lieutenants that would go on trial or say when Saddam himself would appear in court.",World
822,"Legendary double for El Guerrouj In a historic 5,000-meter race, Hicham El Guerrouj of Morocco, who won gold at 1,500 meters last week, outkicked Kenenisa Bekele of Ethiopia in ",Sports
2117,"IMF's Rato says US should cut budget deficit (AFP) AFP - The United States should cuts its fiscal and trade deficits, while Europe and Japan should take steps to boost economic growth, IMF managing director Rodrigo Rato revealed.",Business
6401,US-Israel ties hang on Palestinian Vote In a pace-setting adventure next January that could herald a new beginning in the Middle East or spell disaster for all is the election of a Palestinian successor to the charismatic Yasser Arafat and a new Baghdad regime that could bring to an end the ,World
6031,"Apple Confirms More UK Retail Stores Coming; Additional Locations &lt;b&gt;...&lt;/b&gt; Apple Computer confirmed Thursday it plans to open two additional Apple retail stores in the United Kingdom in 2005 - one in Birmingham, northwest ",Sci/Tech
4278,"Hackers are getting smarter, says Ballmer At Gartner Symposium ITXPO, Microsoft Chief Executive, Steve Ballmer touched on quite a few topics that are targeted towards Microsoft #39;s end consumers.",Sci/Tech
2272,"NetManage Looks to SOAs with Librados Buy NetManage (Quote, Chart) agreed to acquire privately held Librados for an undisclosed sum. The deal would give NetManage application adapters to help its Host Services Platform server applications via service ",Sci/Tech
892,"Intel in new chip breakthrough Intel creates a more powerful memory chip without increasing its size, confounding the firm's critics.",Business
7462,"EU to Lift U.S. Sanctions Jan. 1  BRUSSELS (Reuters) - The European Commission is sticking  with its plan to lift sanctions on \$4 billion worth of U.S.  goods on Jan. 1 following Washington's repeal of export tax  subsidies in October, a spokeswoman said on Thursday.",Business
7039,"Dollar Rises on the Interest Rate Plays  NEW YORK (Reuters) - The dollar rose on Thursday as  traders, short of dollars after relentlessly selling them for  weeks, looked to the growing yield advantage of U.S. assets as  a reason to buy back the currency before the end of the year.",Business
6155,United States Edge Ahead at Kiawah Island The Rest of the World face an uphill task in their bid to win the UBS Cup for the first time after the United States took the second day fourball session 4-2 to establish a 6  - 5  lead going into the final day singles at Kiawah Islands Cassique ,Sports
2219,"Senate Panel Gives NASA Extra Money (AP) AP - NASA would get  #36;16.4 billion next year under a bill a Senate committee approved Tuesday, reversing a decision by House lawmakers to cut the space agency's budget below this year's levels.",World
5113,"United Airlines Seeks Staff Concessions  NEW YORK (Reuters) - United Airlines is expected to ask a  bankruptcy judge to let it extract new concessions worth \$725  million a year from employees as it seeks to reorganize, the  Wall Street Journal reported on Friday, citing unnamed sources.",Business
1750,"Nokia To Expand On-Device Storage Options &lt;a href=""http://news.com.com/NokiajoinsSecureDigitalindustrygroup/2100-1039_3-5365922.html""&gt;Nokia joins Secure Digital industry group&lt;/a&gt; &lt;font size=-1 color=#6f6f6f&gt;&lt;nobr&gt;CNET News.com&lt;/nobr&gt;",Sci/Tech
5280,"Start-ups are discovering they might have to wait until the timing is right Is the market for initial public offerings open or closed? Few questions loom larger for venture capital firms, which risk money on entrepreneurial companies and look for ''liquidity events quot; that will help them recoup their investments. But more than at any other time in the recent past, the answer may depend on your vantage point.",Business
3351,Statement by Airbus on the US Government for formal consultations &lt;b&gt;...&lt;/b&gt; Airbus has fully supported all recent actions by the European Commission to engage with the US government in serious discussions on comprehensive new disciplines on government support.,Business
5543,"Only injury can stop peerless Federer at Masters Cup Last season, Roger Federer left Houston not even the top-ranked player of the year. He returns to the Westside Tennis Club next week to defend his Masters Cup title as the most ",Sports
1889,"RIM takes new BlackBerry design overseas Revamped keyboard is key feature of the 7100v, which is headed for European and Asian shores.\",Sci/Tech
6818,"Philippines not relieved from nature #39;s curse With the death toll mounting to 1,000 after a deadly storm Typhoon Nanmadol that hit the nation three days before, the nature #39;s curse is still haunting Philippines when an earthquake with a preliminary magnitude of 4.2 rocked the northern Philippines on ",World
393,"U.S. Plane Attacks Najaf Rebels as Tanks Near Shrine  NAJAF, Iraq (Reuters) - A U.S. AC-130 gunship attacked  Shi'ite militia positions in the holy Iraqi city of Najaf early  on Monday after tanks reinforced the siege of a shrine at the  center of a nearly three-week insurgency.",World
3892,"Different time, different team With 3:25 left in the third quarter, the score was 33-0, and the 79,406 fans at Doak Campbell Stadium in Tallahassee, Fla., had long since stopped worrying about the outcome.",Sports
5729,"ONGC, Cairn Energy decide to team up Mumbai: Oil and Natural Gas Corporation (ONGC) and Scottish oil firm Cairn Energy Ltd have decided to team up for oil exploration and production (E amp;P) in the domestic as well as international markets.",Business
5561,"Philippine Rail Cars Crash Into Ravine, 100 Trapped  MANILA (Reuters) - Rescuers in the Philippines smashed  train windows with axes and hammers Friday to reach 100  passengers trapped when a carriage derailed and dragged other  cars into a ravine, killing at least four people.",World
953,"Alitalia union may accept job cuts A top Italian labor leader says his union could consider job cuts at Alitalia to prevent the airline #39;s collapse, as workers at the flag carrier clamored for details of its cost-cutting rescue plan.",Business
6268,"Bofra burrows in through banner ads Hackers may be using banner ad servers to multiply the impact of the Internet Explorer virus, security experts warn.",Sci/Tech
4002,"Odyssey Warns of Weak Quarter, CEO Quits  CHICAGO (Reuters) - Odyssey Healthcare Inc.  &lt;A HREF=""http://www.investor.reuters.com/FullQuote.aspx?ticker=ODSY.O target=/stocks/quickinfo/fullquote""&gt;ODSY.O&lt;/A&gt; on  Monday warned of an earnings shortfall, announced the  resignation of its chief executive and said it was the subject  of a Justice Department probe, sending shares of the hospice  care provider plummeting 42 percent.",Business
5653,"Tennis: Mauresmo books semi-final berth at WTA Tour Championships LOS ANGELES : France #39;s Amelie Mauresmo has booked her berth in the semi-finals of the season-ending WTA Tour Championships with a 6-3, 6-2 victory over US Open champion Svetlana Kuznetsova of Russia.",Sports
1534,"Itanium is Intels future Intel racked up some serious karmic debt when it schemed to run AMD out of the PC processor business. Xeon now languishes in Opterons shadow, which strikes me as just desserts for some nasty business.",Sci/Tech
775,"Eritreans deported by Libya hijack a plane KHARTOUM, Sudan -- Armed with knives, Eritrean deportees hijacked a plane that left Libya carrying about 80 fellow Eritreans and forced it to land yesterday in the Sudanese capital before surrendering to security forces, officials said.",World
5118,US troops move toward Fallujah Insurgents and American forces clashed briefly Thursday near the Iraqi city. A large US assault is expected.,World
7275,"Microsoft Unveils Software to Find Files (AP) AP - Microsoft Corp. on Monday joined the battle for supremacy in so-called desktop search, introducing software for quickly locating files on personal computers that challenges Google's two-month-old rival product.",Sci/Tech
1720,Oracle Profit Rises on Software Demand  SAN FRANCISCO (Reuters) - Oracle Corp. on Tuesday reported  a higher quarterly profit as the world's second largest  software company benefited from steady demand for its flagship  database software.,Business
4365,"Wall Street Fears an Undecided Election The doubts, the uncertainty, the mud-slinging that have kept investors indecisive all year are set to end one week from Tuesday when US voters go to the polls.",Business
7282,"China move on textile exports gets cautious response The US and the European Union responded cautiously yesterday to China #39;s surprise undertaking to impose duties on some textile exports, a step it said was designed to ensure a  quot;smooth ",Business
4869,Hosted E-Mail Service Leaves Windows for Linux Company outsources e-mail for small to medium businesses.,Sci/Tech
6382,Court bars MCI from making payments A federal court Wednesday barred No. 2 US long-distance carrier MCI Inc. from making further payments to cover more than \$25 million in unauthorized expenses related to bankruptcy of predecessor WorldCom.,Business
3447,"BA hikes oil surcharge by up to 8 per ticket British Airways, Europe #39;s biggest airline by passenger capacity, has hiked its fuel surcharges by up to UK8 per ticket, a day after oil prices climbed to record levels.",Business
5813,"ScanSoft to acquire 3 software firms ScanSoft Inc. said it plans three acquisitions. The company will acquire Phonetic Systems Ltd., a provider of automated directory assistance and voice-based programs, for \$35 million in cash, and an additional consideration of up to \$35 million, based on the achievement of performance targets and the potential vesting of a warrant to buy 750,000 common shares. ART Advanced Recognition Technologies ...",Business
2960,WORLD RALLY NEWS Subaru: Solberg has a  #39;relatively #39; good lead. Subaru World Rally team driver Petter Solberg took the lead on the all-new Rally Italia Sardinia on SS1 this morning Friday and held onto that advantage all day to end the leg more than thirty seconds ahead of second placed Marcus Gronholm.,Sports
5366,"Lloyds TSB to Move More Than 1,000 UK Jobs to Asia (Update1) Lloyds TSB Group Plc, the UK #39;s No. 5 bank by assets, plans to move at least another 1,000 employees from Britain to Asia, where labor costs are lower.",Business
7317,"Green Tosses 3 Touchdown Passes, Chiefs Down Titans  NEW YORK (Reuters) - Trent Green hit Eddie Kennison with a  nine-yard touchdown pass with 37 seconds left to give the  Kansas City Chiefs a wild 49-38 win over the Tennessee Titans  in Nashville Monday.",Sports
7272,Atheros reaches into electronics devices Chipmaker announces new chipset and reference design for consumer devices and PCs.,Sci/Tech
6159,China miners 'trapped by fire' Rescuers in northern China look for dozens of miners thought to be trapped after a fire broke out.,World
3545,"Sihamoni ready to take over: PHNOM PENH, Oct. 10. - King Norodom Sihanouk declared on Sunday that his son, Crown Prince Norodom Sihamoni is ready to accept kingship.",World
2022,"Turkish Parliament Fails to Pass Reforms (AP) AP - Turkey's parliament adjourned Saturday without passing a key reform package because of divisions over the government's proposal to make adultery a crime, bringing warnings from the European Union that delays could hurt Turkey's chances of membership.",World
7427,"NEC develops CD, DVD, HD-DVD drive prototype KAWASAKI, JAPAN - Engineers at NEChave developed a prototype optical disc drive that supports the new HD-DVD format and is also compatible with CD and DVD formats, they said Wednesday.",Sci/Tech
4813,"Thai PM to Address Nation as More Bombs Hit South  PATTANI, Thailand (Reuters) - Bomb blasts rocked southern  Thailand on Friday hours before Thai Prime Minister Thaksin  Shinawatra was to address the nation as he faces his worst  crisis following the deaths of 85 Muslim protesters. A second  bomb exploded at a busy food stall in Yala province on Friday,  wounding nine bomb squad members who had arrived to investigate  an earlier blast that wounded three people, including one  policeman, hospital officials said.",World
174,"Rebel threat on the roads leaves Katmandu isolated KATMANDU, Nepal The Nepali capital was largely cut off from the rest of the country on Wednesday after Maoist rebels threatened to attack any vehicles traveling on main roads, in a virtual blockade of Katmandu to press their demands for the release of ...",World
6317,"No Sign of El Nino in Pacific for Now - Scientists (Reuters) Reuters - Sea temperatures in the southeastern\Pacific show no sign of bringing extreme ""El Nino"" weather\conditions in the next two months, Peru's Maritime Institute\(IMARPE) said on Tuesday.",Sci/Tech
3497,"New Star-Type Resembles Stillborn Star When a binary star system starts to transfer mass, one of the twins may well win out, leaving its companion to occupy a strange region half way between a star and a planet. A new star-type of this sort has been found, which resembles the infrared ash of a stillborn star.",Sci/Tech
2597,Hilfiger tumbles on grand jury probe CHICAGO (CBS.MW) -- Shares of Tommy Hilfiger Corp. tumbled Monday after the company disclosed that a grand jury was looking into the buying-office commissions the retailer pays to a non-US subsidiary.,Business
1318,"UPDATE 4-US Airways appeals directly to pilots on givebacks US Airways Group Inc. (UAIR.O: Quote, Profile, Research) issued a general appeal on Tuesday to the carrier #39;s 3,000 pilots after their union #39;s leaders rejected ",Business
3741,"QUALCOMM Acquires UK-Based, Mobile User Interface Leader Trigenix SAN DIEGO, Oct. 12 -QUALCOMM Incorporated (Nasdaq: QCOM), pioneer and world leader of Code Division Multiple Access (CDMA) digital wireless technology, today announced it has acquired Trigenix, a mobile user interface company, based in the United Kingdom.",Sci/Tech
3103,"A First Look At PalmOne #39;s T5 NEW YORK - If PalmOne #39;s Tungsten T5 handheld was an automobile, it would be described as being a facelift rather than a complete overhaul of the model that preceded it, the Tungsten T3.",Sci/Tech
5050,IP Proposal Ameren is offering some union workers at Illinois Power the chance to walk away from new management. The Saint Louis based utility company announced a voluntary separation opportunity for certain Ameren IP employees.,Business
5310,"Ivory Coast facing UN sanctions France is pushing to win passage of a UN resolution that seeks an arms embargo and other penalties against the Ivory Coast. France #39;s UN ambassador, Jean-Marc de la Sabliere, hopes for a vote early this week.",World
2145,"A  #39;Plan B #39; for PeopleSoft customers com September 20, 2004, 6:13 PM PT. This fourth priority #39;s main focus has been improving or obtaining CRM and ERP software for the past year and a half.",Sci/Tech
1632,"Meditation Practice Helping Arthritis Patients By ALEX DOMINGUEZ    BALTIMORE (AP) -- Dalia Isicoff knows pain. A lifelong sufferer of rheumatoid arthritis, she has had seven hip replacement surgeries...",Sci/Tech
1892,"EU, US Talks On Aircraft Aid Grounded US and EU negotiators traded arguments on Thursday over state aid for aircraft rivals Airbus and Boeing, but wound up no closer on a sensitive issue that has gathered steam in the run up to the US presidential election.",Business
3247,"KARZAI BRAVES ELECTION RALLY TO CHEERS Afghanistan #39;s interim President Hamid Karzai has left his heavily fortified compound in Kabul for his first election rally, in the last week of campaigning, for this Saturday #39;s first ever direct elections.",World
288,"Vt. sues over importing drugs Vermont's Republican governor challenged the Bush administration's prescription drug policy in federal court yesterday, marking the first time a state has chosen a legal avenue in the expanding battle over Canadian imports.",Business
5839,"Google shares released for sale Employees and some investors in Google will be able to sell shares in the company as the latest ""lockup"" phase on sales ends.",Business
6451,"Mounties left in dark by U.S. on deportation of Syrian-born Canadian (Canadian Press) Canadian Press - OTTAWA (CP) - The Mounties provided information on Maher Arar to American authorities but were left in the dark when the U.S. deported the Canadian citizen to Syria, newly released documents show.",World
479,"Dollar Holds Gains, Fed Comments Help  TOKYO (Reuters) - The dollar held on to the previous day's  gain on Tuesday, supported by a retreat in oil prices and  upbeat comments on the U.S. economy from Federal Reserve  officials.",Business
2785,Microsoft open-sources Web authoring application Company's third open-source contribution is the first time it has shared code for actual application.,Sci/Tech
6609,"Kansas State 76, Arkansas-Pine Bluff 42 Clent Stewart scored a career-high 15 points and Kansas State used stifling defense for a 76-42 victory over Arkansas-Pine Bluff on Monday.",Sports
1515,"ESPN Soccernet.com news services CARSON, Calif. -- The Los Angeles Galaxy signed forward Alan Gordon on loan from the Portland Timbers of the A-League on Friday. A Galaxy selection in the 2004 MLS SuperDraft, the club will have the option ",Sports
89,"Consumers Would Pay In Phone Proposal A proposal backed by a coalition of telephone carriers would cut billions of dollars in fees owed by long-distance companies to regional phone giants but would allow the regional companies to make up some of the difference by raising monthly phone bills for millions of consumers. &lt;FONT face=""verdana,MS Sans Serif,arial,helvetica"" size=""-2""\ color=""#666666""&gt;&lt;B&gt;-The Washington Post&lt;/B&gt;&lt;/FONT&gt;",Sci/Tech
4317,"Weyerhaeuser Profit Up  NEW YORK (Reuters) - Weyerhaeuser Co.'s  quarterly profit  rose sharply on a large gain from the sale of timberlands in  Georgia and it set tender offers to reduce as much as \$700  million in debt, the company said on Friday.",Business
1740,"Champions League: Arsenal 1, PSV Eindhoven 0 Arsenal benefited from an own-goal in a 1-0 win over PSV Eindhoven in its opening Champions League match at Highbury on Tuesday. The Gunners largely dominated the Group E match, with Jose Antonio ",Sports
6835,Prying Into FBI Activities The ACLU files Freedom of Information Act requests to find out why antiterrorism task forces have been monitoring activists. By Ryan Singel.,Sci/Tech
2675,"Motorola to Cut 1,000 Jobs, Take Charge  NEW YORK (Reuters) - Telecommunications equipment maker  Motorola Inc. &lt;A HREF=""http://www.investor.reuters.com/FullQuote.aspx?ticker=MOT.N target=/stocks/quickinfo/fullquote""&gt;MOT.N&lt;/A&gt; said on Tuesday that it would cut 1,000  jobs and take charges of about \$50 million for severance  benefits as it tries to increase productivity.",Business
6098,"A conspiracy theory : In the aftermath of Arafats passing AH Jaffor Ullah. Yasser Arafat, the acknowledged leader of Palestinian people, lived amidst controversy all through his life. The cause of his death has now become a source of controversy amongst the departed leaders people all over Middle East.",World
3626,"Ravens Get Rest With the absence of running back Jamal Lewis, the Ravens hope to get a number of injured players back during their bye week.",Sports
3929,EU to talk through asylum plans Key EU interior ministers are to meet in Florence to discuss plans for migrant holding centres outside Europe.,World
4367,"Cards all hearts Ten outs away from winter, knowing a 105-win magic-carpet ride was about to hit the runway way too soon. Ten outs away from winter, and the St.",Sports
176,"Sun postpones September user show Sun Microsystems Inc. has decided to postpone its September SunNetwork 2004 San Francisco user conference, and is contemplating merging the event with its JavaOne 2005 developer conference, scheduled for the end of June 2005.",Sci/Tech
6258,"Stelco Loses Contract to Supply GM Steel (Reuters) Reuters - Stelco Inc.\(STEa.TO) has lost a contract to supply steel to General Motors\Inc. , its biggest customer, because the insolvent\Canadian steelmaker failed to strike a deal with its workers,\the union at Stelco said on Monday.",Business
6056,Spain hunts for fans who racially abused England players The Spanish government responded to diplomatic pressure from Britain yesterday by starting a search for fans who racially abused England players during a  quot;friendly quot; football match with Spain.,Sports
7164,"Cuts offered, issue remains tax or cap The union #39;s proposal to end the lockout, made Thursday at the league #39;s Canadian headquarters, calls for a tax that would penalize -- and perhaps deter -- high-end payrolls.",Sports
7453,Intel to take over HP #39;s Itanium chip team SAN FRANCISCO (CBS.MW) -- Intel will take over a team of 300 Hewlett-Packard chip designers working on Intel #39;s Itanium server processors.,Sci/Tech
6521," #39;Designer #39; Christmas tree growers target national holiday market AURORA, Ore. The National Christmas Tree Association is hoping a push of designer trees will renew consumer demand for live trees.",Business
4896,"UPDATE 1-Beck to face Youzhny in St Petersburg final Unseeded Slovak Karol Beck reached the first final of his career at the St Petersburg Open, upsetting seventh-seeded Michael Llodra of France 6-4 2-6 6-1 on Saturday.",Sports
7523,"For Guidant, J amp;J #39;s resources sealed the deal After lengthy talks and stiff negotiations over price, the decision by Guidant executives to sell the company for \$25.4 billion came down to the attractiveness of Johnson  amp; Johnson #39;s deep resources.",Business
1735,"Inflation fall eases rates pressure INFLATION fell again in August, slipping further below the governments 2 per cent target, driven down by clothing and footwear retailers failing to raise prices after a poor summer.",Business
6862,"Euro Surges to New High The U.S. dollar fell to another new low against the euro Friday, pushing the European currency higher than \$1.34 after U.S. employment data came in weaker than expected.",Business
3787,"Gates Says Broadcast TV Model Faces Irrelevancy Bill Gates predicts a\future for the entertainment industry in which traditional\broadcast television is rendered irrelevant. It's a positive\vision, however, because new and better business models made\possible by technology are emerging.",Sci/Tech
725,Nepal rejects UN mediation Nepalese Prime Minister has rejected the UN offer of mediating in talks with Maoist rebels. But Sher Bahadur Deuba has not ruled out an expanded role for India to resolve the conflict in the Himalayan kingdom.,World
5537,Hit TV series 24 goes from small screen to smaller screen (AFP) AFP - The hit US television show  quot;24 quot; is going from the small screen to the smaller after 20th Century Fox and Vodaphone struck a groundbreaking deal to distribute the drama on mobile telephones.,Sci/Tech
740,"Triathlon: Double for Kiwis in toughest of events NEW ZEALAND scored an unprecedented Olympic double in the men #39;s triathlon yesterday when Hamish Carter no cigar for guessing his roots beat his compatriot, reigning world champion Bevan Docherty, by 7.87 seconds, writes Doug Gillon.",Sports
2643,"Vodafone keen on future expansion Vodafone said today it remained keen on purchases in France, eastern Europe and Asia and Africa as it detailed annual cost cuts expected to reach 2.",Business
2220,"Maradona finalmente le dice  quot;adis quot; a la Argentina Argentine soccer legend Diego Maradona finally departed for Cuba Monday where he will resume his treatment for cocaine addiction. Maradona boarded a plane bound for Havana, telling fans he would return in a month #39;s time.",Sports
668,"U.N. Agency Sees No Rapid Development of El Nino (Reuters) Reuters - Fears of a new El Nino, a phenomenon\that brings extreme weather patterns, are unfounded despite\unusual ocean temperatures which often herald the devastating\weather anomaly, the World Meteorological Organization said\Thursday.",Sci/Tech
6277,NFL Suspends Seattle Receiver Four Games (AP) AP - Seattle receiver Koren Robinson was suspended without pay Monday for the next four games for violating the NFL's substance-abuse policy.,Sports
5214,"Woods Leads in Atlanta Playing his best golf of the year in the season-ending Tour Championship, Tiger Woods shoots a 5-under 65, leaving him tied with Jay Haas.",Sports
6954,"Mortgage Applications Rose Last Week  NEW YORK (Reuters) - Applications for U.S. home mortgages  rose last week, as mortgage rates fell, an industry group said  on Wednesday.",Business
2256,"PeopleSoft, IBM strike middleware alliance PeopleSoft Inc. is deepening its ties with IBM Corp., announcing on Tuesday a sales and development partnership it called the most significant enterprise applications alliance in the companies' history.",Sci/Tech
1807,"Devil Rays thumbnails at Fenway Park Records: Boston is 86-56 (second in the AL East); Tampa Bay is 61-80 (fourth in AL East). Tonight (7:05, NESN, WEEI): LHP Scott Kazmir (1-1, 5.62) vs.",Sports
1535,"Accused deserter surrenders in Japan An accused US Army deserter has surrendered at a US military base near Tokyo to face charges filed in 1965, the Kyodo news service reported.",World
5169,"Millionaire Candidates List (AP) AP - Candidates who spent more than  #36;1 million of their own money trying to win election to Congress in 2004 struck out in nearly every case. Eight made it to the Nov. 2 election, but only one was victorious. The spenders, how much they spent and how they fared:",World
5288,"Flying taxis -  quot;within five years quot; British company Avcen, designers of  quot;Jetpod quot; taxi, believe they can offer a flying taxi service within 5 years. The taxi, due to undergo  quot;proof of concept quot; test flights over the next 18 months, cruises to 228m with speeds of up to 350 mph (563 kph).",Sci/Tech
3117,Rijkaard - has suffered Edmilson blow Barcelona have been stunned by the news that Brazilian centre-half Edmilson will be out of action for at least six months with a knee injury.,Sports
1675,"Ivan Roars Into Gulf of Mexico Hurricane Ivan skirted the western tip of Cuba on Monday and arced into the Gulf of Mexico with sustained winds of 160 mph, bearing down toward  landfall on the U.S. Gulf Coast later this week.",World
6575,"Mamma Search is Buying Copernic Mamma Search is Buying Copernic\\Mamma.com Inc., the paid search company, and Copernic Technologies Inc. announced that Mamma has signed a letter of intent where they will acquire all of the shares of Copernic Technologies for a combination of cash and shares of Mamma.com Inc. The closing of the acquisition will ...",Sci/Tech
5426,"Pay Adviser Talks of Role in Ovitz Deal The outside adviser who helped draft the 1995 employment agreement for the president of Walt Disney, Michael S. Ovitz, testified on Tuesday that he had reservations ",Business
1411,Stocks Higher on Drop in Jobless Claims A sharp drop in initial unemployment claims and bullish forecasts from Nokia and Texas Instruments sent stocks slightly higher in early trading Thursday.,Business
2659,Banknorth investors voice doubts on bid Banknorth Group Inc.'s biggest investors are voicing concerns about the proposed sale of a controlling stake to Toronto-Dominion Bank .,Business
3335,Analysts See Post-Stern Ripple Effect Howard Stern will leave a very different company than the Infinity Broadcasting he first joined in 1985. The Viacom-owned radio giant started out a ,Business
1611,"US Airways files for bankruptcy for 2nd time US Airways Group Inc., the nation #39;s seventh-largest airline, filed for bankruptcy protection Sunday for the second time in two years.",Business
1145,"Federer back in Open #39;s fourth round with masterful performance For most tennis players, having about the same number of clean winners as unforced errors translates into a pretty good performance.",Sports
1442,Putin Responds to Terror The Russian president puts some blame on his international critics -- and supports president Bush,World
5486,"Microsoft to launch new search engine Software giant, Microsoft Corp., has decided to release beta versions of its updated MSN search engine earlier today. The company hopes to compete against leading search engines such as Google and Yahoo by ",Sci/Tech
1216,"Possible playoff preview A #39;s take a hit in Toronto but come home &lt;b&gt;...&lt;/b&gt; If the playoffs opened right now, instead of next month, the A #39;s would face the Red Sox in the first round -- again. Boston bounced Oakland out of the postseason in five games last year, coming back from a 2-0 deficit to do so.",Sports
1642,"Linux Promoters Challenge Microsoft (AP) AP - Seeking to be more competitive with Microsoft Corp., Linux backers have agreed on a standard version of the operating system so that programs written for one Linux distribution will work with others.",Sci/Tech
701,Athens - a \$12bn bill THE world sighed with relief when Greeks kept their promise to deliver some of the world #39;s finest sport venues in time for the Athens Olympics.,Sports
7312,Boycott Rethink After Ahern Apology The DUP was last night reconsidering its boycott of talks with the Irish government after Taoiseach Bertie Ahern apologised to party leader Ian Paisley.,World
3764,Petroleum and natural-gas supply data due out Thursday SAN FRANCISCO (CBS.MW) -- A rally in heating-oil futures to a fresh record and gains for natural gas for the first time in four sessions pulled crude prices more than \$1 a barrel higher Wednesday.,Business
5627,"U.S. to Allow Some Telemarketing 'Robo Calls'  WASHINGTON (Reuters) - Telemarketers will be able to use  prerecorded ""robo calls"" to stay in touch with established  customers starting next week -- at least for the short term,  U.S. regulators said Friday.",Sci/Tech
1048,"It #39;s got to be Cole on the left Football365 #39;s top pundit looks ahead to England #39;s international double-header and calls for Joe Cole to be given the nod on the left... Of the three left-sided options available to Sven-Goran Eriksson on Saturday, I would personally go for Joe Cole.",Sports
3163,"U.S. Seeks Reconciliation with Oil-Rich Venezuela  SAO PAULO, Brazil (Reuters) - The United States said on  Monday it will seek better ties with oil-rich Venezuela in the  clearest sign since President Hugo Chavez won a recall  referendum in August that Washington is looking for  reconciliation with the firebrand populist.",World
1748,"Chiquita slips on higher Q3 costs CHICAGO (CBS.MW) -- Higher operating costs are canceling out expense reductions and cutting into Chiquita Brands #39; profit expectations for the third quarter, the company said Tuesday.",Business
4680,Closing Arguments In Enron Barge Trial Houston -- Prosecutors claim six executives conspired to push through a 1999 sham sale of barges because they didn #39;t think they #39;d get caught.,Business
3886,Downer welcomes terror charge THE federal government has welcomed the bringing of formal terrorism charges against Indonesian militant cleric Abu Bakar Bashir. A spokesman for Foreign Minister Alexander Downer said the charges reflected ,World
1232,"2 charged after Chicago area pals are slain in NC tragedy Ever since they met in fourth grade, Brett Johnson Harman and Kevin McCann were as close as brothers.  quot;They had the same mannerisms, the same kind of humor, and they even looked alike, quot; said McCann #39;s father, Dennis McCann.",Sports
5034,"Wal-Mart China business grows Wal-Mart Stores, the worlds No.1 retailer, said the number of its China stores would be lifted by at least 15 new stores with the total of around 45 outlets throughout China.",Business
6436,"Behaviour control by smartphone The Massachusetts Institute of Technology is developing mobile phones designed to learn users #39; daily habits so that they can predict what users will do, reports The Register.",Sci/Tech
4310,"Chinese economy surges 9.5 in first 3 quarters BEIJING: China #39;s economy surged by an impressive 9.5 per cent year-on-year in the first nine months of this year, marginally slower than the 9.7 per cent recorded in the first half of the year, the government said here on Sunday while claiming credit for ",Business
2549,U.S. Military Arrests an Iraqi Commander The arrest of a commander of the Iraqi National Guard raises concerns about the loyalty and reliability of the new security forces.,World
2268,MLS MVP Preki Undergoes Ankle Surgery (AP) AP - Reigning Major League Soccer MVP Preki will miss the rest of the season after left ankle surgery.,Sports
60,"Sutton Adds Haas, Cink to Ryder Cup Team  MILWAUKEE (Sports Network) - U.S. Ryder Cup captain Hal  Sutton finalized his team on Monday when he announced the  selections of Jay Haas and Stewart Cink as his captain's picks.",Sports
481,"Dark arts of spin evident in phoney war for Abbey THE phoney war over the fate of Abbey grinds on. Along the way, on all sides, it is producing its predictable crop of knowing winks and destabilising nudges.",Business
3528,"Two Car Bombs Kill 10 Iraqis in Baghdad BAGHDAD, Iraq - Two car bombs shook the capital in quick succession Sunday, killing at least 10 Iraqis and wounding 16, police and hospital officials said. One American soldier was hurt...",World
5411,Nike teams with Sony on special GT4 offer A limited edition Gran Turismo bundle in Japan will come with a pair of Nike sneakers and T-shirt. TOKYO--Major running shoe and apparel manufacturer Nike is collaborating with Sony Computer Entertainment ,Sci/Tech
6555,"Iraq to spend \$1 billion to expand oil production Iraq is planning to spend more than \$1 billion in 2005 to boost its oil production capacity by about 15 percent to 3.25 million barrels a day, an Iraqi official said.",Business
5536,"Bucs decline option on reliever Boehringer Jose Mesa and Salomon Torres did most of their best work in tandem in 2004, so it is only fitting that they would come to terms on news deals with the Pittsburgh Pirates on the same day, too.",Sports
7528,Pakistan collapses at the WACA Opener Justin Langer was last out after a glorious innings of 191 as Australia totaled 381 on the second morning of the first test against Pakistan in Perth on Friday.,Sports
4478,"Ryder Quarterly Earnings Up  NEW YORK (Reuters) - Ryder System Inc. &lt;A HREF=""http://www.investor.reuters.com/FullQuote.aspx?ticker=R.N target=/stocks/quickinfo/fullquote""&gt;R.N&lt;/A&gt; on Monday  reported an increase in quarterly net profit amid increased  demand for transport services, especially in its fleet  management division.",Business
1078,"Microsoft to make foray into online music (SiliconValley.com) SiliconValley.com - Microsoft makes its long-anticipated entry into the online music market today, marking the first serious challenge to Apple Computer's popular iTunes service.",Sci/Tech
2606,Button happy with 2nd JENSON Button was happy to settle for runners-up spot despite falling agonisingly short of a maiden Formula One win for the second race in succession.,Sports
3131,Chiefs Have Opportunity to Get Back on Track Kansas City needs a win in the worst way. Thats obvious but tonight they face a tough Baltimore Ravens team that has as many question marks as our hometown Chiefs.,Sports
4183,Israel Battens Down Hatches for Volatile Gaza Vote  JERUSALEM (Reuters) - Israel's parliament took  extraordinary security steps Wednesday for a vote next week on  a Gaza pullout plan expected to spark Jewish settler protests  and heighten death threats against Prime Minister Ariel Sharon.,World
3426,Picking Your Perfect PCI Express PC Way back in June I suggested you hold off on buying a new PC until systems with PCI Express shipped. The new technology has the potential to dramatically improve performance because it replaces the pokey old ,Sci/Tech
333,"Militia, Shiite Leaders Bicker Over Shrine NAJAF, Iraq - Militants loyal to radical Shiite cleric Muqtada al-Sadr kept their hold on a revered shrine, and clashes flared in Najaf on Saturday, raising fears that a resolution to the crisis in the holy city could collapse amid bickering between Shiite leaders.    The clashes between U.S...",World
6173,Congress Asks SEC for Mutual Fund Study  WASHINGTON (Reuters) - The U.S. Congress asked the  Securities and Exchange Commission on Saturday to send  lawmakers a report justifying a new rule forcing mutual fund  boards to have independent chairmen.,Business
1795,"Microsoft Warns of JPEG Security Hole Microsoft, which recommended immediate updates, said the newly discovered vulnerability could allow remote code execution of code thanks to a buffer-overrun vulnerability in the processing of JPEG image formats.",Sci/Tech
1207,"Former Saddam Deputy Arrested in Iraq (AP) AP - Iraqi authorities claimed on Sunday to have captured Izzat Ibrahim al-Douri, the most wanted member of Saddam Hussein's ousted dictatorship, but there was confusion over the report, as the Iraqi defense minister said word of his arrest was ""baseless.""",World
3395,"Opportunity Rover Stumbles Upon Rocky, Maybe Watery, Find (SPACE.com) SPACE.com - Almost by accident, NASA's Mars rover Opportunity has found a rock that may point to a second water event in the red planet's past.",Sci/Tech
1127,NASA braces for Frances Thousands of automobiles clogged Florida #39;s highways during the largest evacuation in state history as residents anticipated the arrival of Hurricane Frances.,Sci/Tech
4456,"Victory Looms for Karzai as Vote Probe Continues Hamid Karzai was assured of a majority in Afghanistans election to become its first democratically chosen president. With nearly 95 per cent of votes counted, the interim leader already has more than half ",World
7474,"Relations with India not at Pakistans expense: China BEIJING: Chinas improving relations with India will not come at the expense of Pakistan, Chinese Premier Wen Jiabao said in his meeting with Prime Minister Shaukat Aziz here on Wednesday.",World
2497,US 2-Year Treasuries Fall for Week as Fed Raises Target Rate The benchmark two-year US Treasury note had its biggest weekly decline in a month on speculation the Federal Reserve will follow up this week #39;s interest-rate increase with at least one more this year.,Business
4100,"U2, Apple In iPod Deal, Bono Wins TED Prize U2 and Apple Computer are expected to announce next week that they have inked a deal to sell custom iPods. According to a source, the band #39;s upcoming Interscope album  quot;How to Dismantle an Atomic Bomb, quot; due Nov.",Sci/Tech
6694,"Bush shields shrimp industry The Bush administration yesterday said Chinese and Vietnamese shrimp are sold at unfairly low prices in the United States, siding with US fishermen as they try to fend off overseas competition.",Business
3428,"Kenyan tree planter wins Nobel Peace Prize: report LONDON (CBS.MW) -- Kenyan tree planter and government minister Wangari Maathai has won the Nobel Peace Prize, Agence France-Presse said.",World
1235,"Service Sector Hit By High Oil Costs Confidence in service firms has been hit by rising oil prices and interest rates but manufacturers have seen the best rate of orders for nine years, two surveys show.",Business
1960,Trabelsi back on board with Ajax Arsenal target Hatem Trabelsi has settled his differences with Ajax after several months of wrangling. The Tunisian international defender was furious after it emerged a clause in his contract prevented him from completing a move to the Gunners.,Sports
4379,"Rubens bad Brazilian luck visits Michael Rubens Barrichello appears to have rid himself of his bad luck in Brazil only for it land on his team-mate Michael Schumacher. Barrichello last finished the Brazilian GP in 1994, which means even seeing the ",Sports
659,"103 arrests for Internet fraud, related crimes since June: US (AFP) AFP - US authorities arrested at least 103 suspects and filed 117 criminal complaints since June 1 in a crackdown on various forms of online fraud, Attorney General John Ashcroft said.",Sci/Tech
7379,Thomas still struggling Time slips away in a hurry as Tim Thomas runs around looking to make something happen in short order. The slumping forward #39;s on a short leash at the moment and wound up watching most of last ,Sports
6239,Raid in hunt for Afghan hostages \US and Afghan forces raid houses in Kabul as part of a hunt for three UN workers kidnapped last month.,World
1381,"Hampton Start Is Pushed Back Again (AP) AP - Atlanta left-hander Mike Hampton was not able to pitch for the Braves on Wednesday, still bothered by a stiff neck that kept him out of his scheduled start Monday.",Sports
5007,"AOL to cut 700 jobs America Online Inc. (AOL) plans to lay off 700 employees, about 5 percent of its US workforce, by the end of the year, several news organizations reported Tuesday.",Business
6999,"Palm OS for Linux? \\Today was a strange day for the Palm OS community:\\""PalmSource also plans to implement Palm OS on top of Linux, bringing the\benefits of Palm OS to the Linux community, including the award winning user\interface, software frameworks based on the best of Palm OS and BeOS, a large\base of professional and consumer applications, and an enthusiastic community\of more than 25 million users and over 360,000 registered\developers. PalmSource intends to work as a partner within the Linux community\to help Linux grow rapidly in the consumer and enterprise mobile markets.""\\This is a great decision!  A bit to late but not much so.  When Sharp released\the Zaurus into the US market there was a lot o ...\\",Sci/Tech
3046,ESPN.com news services HOUSTON -- The Houston Astros enter today #39;s contest against the Colorado Rockies knowing that a victory will earn them an improbable playoff berth.,Sports
6668,Waugh: Shoaib will test Australians Former Australian skipper Steve Waugh says he thinks Shoaib Akhtar will test the home side when it tackles Pakistan at the WACA. Having recently watched Australia end a 35-year hoodoo in India with a 2-1 series ,Sports
5165,"Molson Will Pay Dividend to Push Through Coors Merger (Update6) Molson Inc., Canada #39;s biggest beermaker, said it will pay minority shareholders a special dividend to overcome opposition to its planned C\$3.",Business
6686,"New Rainbow Six Franchise for Spring 2005 SAN FRANCISCO, CA - November 30, 2004 -Ubisoft, one of the world #39;s largest video game publishers, today announced its plans to launch the next installment in the Tom Clancy #39;s Rainbow SixR franchise for the Sony PlayStationR2 computer entertainment system ",Sci/Tech
5708,"COLUMN: Many Struggle to Comply with Sarbanes Rules A flurry of companies may miss the deadline to comply with new regulations brought in after the corporate scandals of 2002, but the key for investors will be to judge how serious the underlying problems really are.",Business
5076,Auto sales rise; Asians gain share Consumers shrugged off higher gasoline prices and weaker economic conditions to lift new car and truck sales up 2.2 percent in October.,Business
202,"Stunt pilots to save sun dust IT PROMISES to be a scene worthy of a science fiction spectacular. A space probe carrying primordial material scooped from outer space starts to plunge towards our planet. But before it can strike, a helicopter flown by a Hollywood stunt ...",Sci/Tech
1284,"Vijay around, Tiger not yet out of woods The sun was setting when Vijay Singh, Fijian golfer of Indian origin, birdied the 18th here, and it seemed like a sign that Tiger Woods days as the worlds number one player may be fading.",Sports
7291,"In U.S. Market, Cellphone Users Are Often All Talk Users in the United States continue to think of a cellphone as a device for talking, not text messaging. Marketers, however, hope to change that as soon as possible.",Sci/Tech
6345,"Microsoft, EU Officials in Procedure Meeting Microsoft (Quote, Chart) and representatives of the European Union #39;s Competition Commission will sit down at the table together on Thursday, but it won #39;t be to eat.",Business
2070,"Odin Technologies Aims to Be the Chief of RFID (washingtonpost.com) washingtonpost.com - RFID tags, the dime-sized devices that can track inventory from the factory to the store, are being embraced as one of the hottest of new technologies. But Patrick J. Sweeney II likens most available applications of RFID, or radio frequency identification, to the user-unfriendly personal computers of the 1980s: a blank screen and a command prompt.",Sci/Tech
5029,"Report: Lehman to get Ryder Cup job Tom Lehman will get the chance to succeed where Hal Sutton failed when he is introduced as the 2006 United States Ryder Cup captain, according to golfdigest.",Sports
3512,"US names cyber chief The Department of Homeland Security has named an acting US cybersecurity chief as Congress weighed whether to give the position greater clout to fight hackers, viruses and other online threats.",Sci/Tech
1531,"Stocks in a rut According to the FTSE World Index Japan has been best performer of the major markets with a 6 per cent rise in dollar terms while Germany, down 7.7 per cent, was the worst.",Business
7165,"Indians Trade Lawton A small-markets swap takes place on Saturday as the Indians send outfielder Matt Lawton to the Pirates for left-handed reliever Arthur Rhodes, sources say.",Sports
871,"Beijing gears up for 2008 Although the Beijing Olympics is still four years away, the Chinese capital is already gearing up to host the event. The city of over 12 million is refurbishing ancient landmarks in ",Sports
5731,ROCASTLE OFFERS SUPPORT TO NOVO Hibernian midfielder Craig Rocastle has promised to back Rangers striker Nacho Novo if he decides to appeal against the red card he picked up at Easter Road.,Sports
3384,"Employment Picture Expected to Improve NEW YORK - A rash of job cuts - more than 10,000 layoffs just this week from a handful of companies - has created some gloom on the jobs front. But Friday's release of jobs data for September was expected to show a steady unemployment rate and creation between about 50,000 to 250,000 new jobs, though uncertainties such as the effects of last month's hurricanes kept the estimates all over the map, said Wachovia Corp...",World
2646,"Blair readies crucial party speech under Iraq cloud Britain #39;s Tony Blair faces one of the trickiest speeches of his career today, seeking to win back his Labour party after rifts over Iraq and spell out new policies to set up next year #39;s re-election bid.",World
6426,"A traditional victory for A-B Ask anyone associated with the Acton-Boxboro football program about the secret to its success, and they'll say it's rooted in a winning tradition established long before members of the 2004 team ever strapped on a helmet.",Sports
6582,"Telekom Austria taps the Bulgarian market Telekom Austria, Austrias largest telecoms operator, obtained access to the relatively underdeveloped East European mobile services market by winning the right to purchase the Bulgarian mobile operator MobilTel for 1.6billion (\$2.12billion).",Business
3939,"Deco keeps Barca flying high as Ronaldo rescues Real Brazilians bagged the plaudits in Spain #39;s La Liga on Saturday as Deco, Brazil-born but a naturalised Portuguese international, fired Barcelona five points clear of the pack with the only goal in a derby win over Espanyol.",Sports
2258,"PeopleSoft gets closer to IBM As the threat of a hostile takeover by Oracle rumbles on, PeopleSoft has announced a \$1bn partnership with IBM. Speaking at PeopleSoft #39;s user conference in San Francisco yesterday, the company #39;s chief executive ",Business
2753,"Microsoft #39;s low-cost operating system Aimed at making cheaper PCs, Microsoft on Wednesday unveiled low-cost Windows XP Starter Edition operating systems in India in Hindi targetting the first-time home users.",Sci/Tech
863,"Ankiel solid in rehab start, unsure about future More that three years since he threw his last pitch for the St. Louis Cardinals, Ankiel gave up one unearned run and one hit in six innings Sunday for Triple-A Memphis in what could be his final start in the minors.",Sports
2902,"SpaceShipOne,take two The SpaceShipOne team will attempt to win the \$10 million Ansari X Prize on Monday, the 47th anniversary of the start of the first space race when the Soviet Union launched its Sputnik satellite.",Sci/Tech
4907,"No. 1 USC 42, Washington State 12 Reggie Bush and LenDale White each scored two touchdowns, Dwayne Jarrett caught two more from scores from Matt Leinart and No. 1 Southern California routed Washington State 42-12 Saturday.",Sports
5336,"LCC Int #39;l Posts 3Q Profit, Shares Tumble LCC International Inc., which offers wireless voice and data technical consulting, on Monday saw shares plummet as much as 12 percent in after-hours trade after the company swung to a third-quarter profit but predicted lower revenues are ahead.",Business
81,"Capacity Crowds at Beach Volleyball Rock the Joint  ATHENS (Reuters) - At the beach volleyball, the 2004  Olympics is a sell-out, foot-stomping success.",Sports
1234,"French Internet provider Wanadoo will build Dutch broadband network (AFP) AFP - The French Internet provider Wanadoo will construct its own broadband network in the Netherlands and hopes to reach 55 percent of Dutch homes, a spokesman told the Financieele Dagblad.",Sci/Tech
3826,Sun Micro Posts Narrower Quarterly Loss  SAN FRANCISCO (Reuters) - Network computer maker Sun  Microsystems Inc. on Thursday posted a narrower quarterly loss  as revenue rose for the second consecutive quarter on higher  sales of servers after three years of declines.,Business
339,"Source: Dolphins, Bears on Verge of Deal (AP) AP - The Chicago Bears agreed Saturday to trade receiver Marty Booker to the Miami Dolphins for unsigned Adewale Ogunleye  #151; if the Bears can reach a contract agreement with the Pro Bowl defensive end, a source close to the negotiations said.",Sports
6647,"O2 to roll out i-mode The deal, which was leaked to the press last week, will see the UK-based mobile operator deliver data services -- such as games, ringtones and entertainment -- through a platform that has been credited with making NTT DoCoMo the force that it is in ",Sci/Tech
5668,Hornets' Davis Sidelined with Back Injury  NEW ORLEANS (Sports Network) - New Orleans Hornets guard  Baron Davis did not make the trip to Milwaukee for Saturday's  game against the Bucks because of a strained lower back.,Sports
3237,Millar and Ramirez homers highlight big Boston inning The Red Sox thought they were going to have to earn all their runs against the Angels the hard way. Anaheim allowed the fewest numbest of unearned runs in the Majors all season (36).,Sports
5652,"Wireless Operators Team on Wi-Fi Roaming NTT Communications, T-Mobile USA, Telstra, StarHub, and Maxis Communications have joined to establish roaming arrangements that allow customers to use wireless broadband services from Internet access points -- called hotspots quot; -- in their countries ",Sci/Tech
1012,"RESEARCH ALERT-First Albany ups SuperGen to  quot;buy quot; on drug deal First Albany Capital on Wednesday raised SuperGen Inc. #39;s (SUPG.O: Quote, Profile, Research) stock rating to  quot;buy quot; from  quot;neutral, quot; following its cancer-drug deal with MGI Pharma Inc.",Business
5460,"Federated Department Stores Posts Profit  NEW YORK (Reuters) - Federated Department Stores Inc.  &lt;A HREF=""http://www.investor.reuters.com/FullQuote.aspx?ticker=FD.N target=/stocks/quickinfo/fullquote""&gt;FD.N&lt;/A&gt;, parent of Macy's and Bloomingdale's, posted  higher-than-expected quarterly earnings on Wednesday, as the  company rebounded from the Florida hurricanes.",Business
3711,Alaskan pipeline has hurdles Energy companies planning a \$20 billion gas pipeline to US consuming markets from Alaska welcomed new federal loan guarantees but cautioned Tuesday that other issues must be resolved before the huge project proceeds.,Business
5525,"Red Hat opens office in China The Linux firm said it will be collaborating with Hewlett-Packard, IBM, Intel and Oracle, as well as with Chinese companies.",Sci/Tech
3865,"WEEK 6: Pregame show hits the road for Seattle-New England Every week, the experts of FOX NFL Sunday will candidly reveal their observations and make their opinions known as they prepare for their top-rated pregame telecast - seen each Sunday at 12 pm ET / 9 am PT.",Sports
5953,"Still under fire, US troops shifting to relief effort US forces in Fallujah offer food and first aid as they face scattered pockets of guerrilla resistance.",World
5142,Japan Airlines Sees Profit on Int'l Travel (AP) AP - Japan Airlines Corp. said Friday that it returned to profitability in first half of the fiscal year as international travel picked up from a decline a year ago caused by the war in Iraq and the SARS outbreak in Asia.,World
6888,"Browns' Dawson got feet wet with Vinatieri The Patriots' Adam Vinatieri and Cleveland's Phil Dawson formed a productive practice pair in 1998. Vinatieri scored a personal-high 127 points in '98, his third NFL season, while Dawson performed as a practice squad player.",Sports
5635,"Oil Prices Don #39;t Deter Shoppers; Consumer Confidence Index Up Consumers shrugged off record oil prices to increase spending at the start of the fourth quarter, data released Friday by the Commerce Department showed.",Business
35,"Frail Pope Celebrates Mass at Lourdes LOURDES, France - A frail Pope John Paul II, breathing heavily and gasping at times, celebrated an open-air Mass on Sunday for several hundred thousand pilgrims, many in wheelchairs, at a shrine to the Virgin Mary that is associated with miraculous cures.    At one point he said ""help me"" in Polish while struggling through his homily in French...",World
4258,"General Assembly committee opens two-day debate on anti-cloning &lt;b&gt;...&lt;/b&gt; The UN General Assembly #39;s legal committee begins a two-day debate today that will focus on the contentious issue. There is support among member states for a treaty banning human cloning, but divisions remain ",Sci/Tech
7303,"Big merger could box Qwest in Qwest Communications may not be immediately affected by a Sprint-Nextel merger, but its options could become more limited. At one time, Qwest and Sprint were viewed as possible merger partners.",Business
1029,Google shares down ahead of first lockup expiry Shares in newly public Google Inc. fell 2 percent on Wednesday as investors braced for the expiration of a lockup period that has kept insiders at the Web search company from selling stock.,Business
1577,"Germany Cedes 2006 Cup Honor to Brazil (AP) AP - Germany declined the chance to play in the opening game of the 2006 World Cup, with the host nation ceding the honor to Brazil, the 2002 champion.",Sports
4510,Delta Financing to Use Prepaid SkyMiles Shares of Delta Air Lines soared after the troubled airline said Monday it entered into a commitment letter with American Express Travel Related Services Co.,Business
2422,Group Questions E-Voting Security Black Box Voting hopes to halt the use of Diebold's voting machines.,Sci/Tech
3342,"MOJAVE, CALIFORNIA: SPACEPORT Monday was a big day in Mojave. Tens of thousands of spectators showed up to see Burt Rutans SpaceShipOne make its second flight from below sea level to the edge of space, and in doing so ",Sci/Tech
4102,"Ancient fungus 'revived' in lab Fungus from a deep-sea sediment core that is hundreds of thousands of years old will grow when placed in culture, scientists discover.",World
148,"St. Louis Cardinals News Right-hander Matt Morris threw seven solid innings, but the Cardinals needed a bases-loaded walk to second baseman Tony Womack and a grand slam from new right fielder Larry Walker to key a six-run eighth inning for a ...",Sports
1561,CHUCK JAFFE BOSTON (CBS.MW) -- A lot of people got excited when Fidelity Investments announced recently that it was cutting fees on five index mutual funds.,Business
2045,"Sloppy win suits Badgers TUCSON -- Booker Stanley ran for a career-high 135 yards on 30 carries, including a 7-yard run for Wisconsin's only touchdown, and the 20th-ranked Badgers rallied for a stormy 9-7 victory over Arizona yesterday.",Sports
4977,FOOTBALL: WE WANT WALTER WALTER SMITH was flexing his muscles last night as he prepared to answer the SOS from the SFA. Scotland #39;s fans were finally put out of their misery when Berti Vogts resigned as manager of the national team.,Sports
6025,"Kiwi hits eight-year high against struggling greenback The New Zealand dollar has hit its highest level this year, propelled by a dramatic dip in the US dollar. As the greenback slumped against most global currencies, the kiwi rose to 71.02USc, its highest level for eight years.",Business
1940,"Foreseeing the Suns fate: Astronomical interferometry reveals &lt;b&gt;...&lt;/b&gt; For the first time, an international team of astronomers led by Guy Perrin from the Paris Observatory/LESIA, (Meudon, France) and Stephen Ridgway from the National Optical Astronomy Observatory (Tucson, Arizona, USA) has observed the close environment of ",Sci/Tech
5222,"Bridges Loom as Cash Cow That Nobody Dares to Milk There they stand, glinting in the sun, hanging off the shore of Manhattan like fruit-laden branches of a money tree: The free bridges over the East River to Brooklyn and Queens.",Business
6941,"Kobe talks, Malone walks There #39;s a new feud taking place in Lakerland this week, only this time the verbal war of words is between Newport Beach neighbors Karl Malone and Kobe Bryant and the exchanges are ",Sports
5551,"European spacecraft prepares to orbit Moon Europes first lunar spacecraft is set to go into orbit around the Moon on Monday. SMART-1 has already reached the gateway to the Moon, the region where its gravity starts to dominate that of the Earth.",Sci/Tech
1897,"Airbus denies backing Microsoft in EU case Aircraft maker Airbus insisted on Thursday it had no intention of taking sides in a Microsoft antitrust case, even though it filed a brief in an EU court on the software giant #39;s side.",Business
4448,Divided S.E.C. Likely to Ask Hedge Funds for More Data A deeply divided S.E.C. is expected to approve rules requiring all but the smallest hedge funds to register with the S.E.C. and make their records available.,Business
5403,"Calif. Official Backs Anthem-WellPoint  LOS ANGELES/PHILADELPHIA (Reuters) - California's insurance  commissioner on Tuesday ended his opposition to Anthem Inc.'s  &lt;A HREF=""http://www.investor.reuters.com/FullQuote.aspx?ticker=ATH.N target=/stocks/quickinfo/fullquote""&gt;ATH.N&lt;/A&gt; proposed \$16.5 billion acquisition of WellPoint Health  Networks Inc. &lt;A HREF=""http://www.investor.reuters.com/FullQuote.aspx?ticker=WLP.N target=/stocks/quickinfo/fullquote""&gt;WLP.N&lt;/A&gt; after Anthem agreed to hike its funding  of state health projects.",Business
6093,Football: Spanish FA apologises The Spanish FA apologises to its English counterparts following racist chanting.,World
7399,"Madrid Bomb Victims Criticize 'Schoolyard Politics'  MADRID (Reuters) - Victims of the Madrid train bombings  issued a stinging rebuke to politicians for seeking to gain  from the tragedy that killed 191 people, injecting humility  into a previously raucous parliamentary investigation.",World
132,"Youkilis, McCarty placed on 15-day disabled list BOSTON -- It was another busy day on the medical front for the Red Sox, as a series of roster moves were announced prior to Tuesday night #39;s game against the Blue Jays. ",Sports
2108,"Car Bomb Kills Three in Mosul (AP) AP - A car bomb exploded in the northern Iraq city of Mosul on Monday, killing three people, hospital police said.",World
328,"Apple Recalls Flaming 15-inch PowerBook G4 Battery The affected batteries could overheat, posing a fire hazard. Apple received four reports of these batteries overheating. No injuries have been reported.",Sci/Tech
3044,Brown calls for Labour unity Chancellor Gordon Brown has sought to quell speculation over who should run the Labour Party and turned the attack on the opposition Conservatives.,World
5343,"Six Flags 3Q Net Income Falls 60 Percent NEW YORK - Six Flags Inc. #39;s third-quarter net income fell 60 percent, as cool weather hurt attendance at its amusement parks. Six Flags late Monday reported net income of \$56.",Business
421,"Radcliffe withdrawal not due to injury World record holder Paula Radcliffe #39;s tearful withdrawal from the women #39;s Olympic marathon yesterday was not due to injury, the British team says.",Sports
5138,"Supercomputer breaks speed record The US is poised to push Japan off the top of the supercomputing chart with IBM #39;s prototype Blue Gene/L machine. It is being assembled for the Lawrence Livermore National Laboratories, a US Department of Energy lab (DOE).",Sci/Tech
144,"Britain accuses 8 of terror plot LONDON - British police charged eight terrorist suspects yesterday with conspiring to commit murder and use radioactive materials, toxic gases, chemicals or explosives to cause  quot;fear or injury. quot; ...",World
1538,"Polish PM Tries to Head Off Dispute Over WW2 Claims  KRYNICA, Poland (Reuters) - Polish leader Marek Belka tried  to head off a controversy with Berlin over World War II  reparations after Poland's parliament caused anger in Germany  by declaring Poles were still owed for wartime losses.",World
6457,"Toy Safety Report Released checking for them by hand before buying -- because children could choke on them, consumer advocates said in an annual warning on toy safety.",Business
621,"A mixed economic bag in July Factory orders in July for costly manufactured goods recorded the biggest gain in four months. New home sales, meanwhile, slid, according to a pair of reports ",Business
1,"The Race is On: Second Private Team Sets Launch Date for Human Spaceflight (SPACE.com) SPACE.com - TORONTO, Canada -- A second\team of rocketeers competing for the  #36;10 million Ansari X Prize, a contest for\privately funded suborbital space flight, has officially announced the first\launch date for its manned rocket.",Sci/Tech
5805,Rebels Attack in Central Iraq and the North A rebel counteroffensive swept through central and northern Iraq on Monday as American troops struggled to flush the remaining insurgents from the rubble-strewn streets of Falluja.,World
271,"Georgian Troops Leave South Ossetia The soldiers withdrew from the heights above the Ossetian of capital of Tskhinvali Thursday, turning the area over to peacekeepers. Georgia says three of its soldiers were killed in earlier fighting, while Ossetian authorities say three civilians died ...",World
4871,"LIBERIA: Religious riots erupt in Monrovia, curfew imposed MONROVIA, 29 October (IRIN) - Religious riots between Christians and Muslims erupted in the Liberian capital Monrovia on Thursday night and continued on Friday morning until UN peacekeeping troops restored order and the government imposed an indefinite ",World
3995,"Late collapse costs Park a victory Grace Park was bitterly disappointed after failing to produce her second LPGA title of the season Sunday at the Samsung World Championship at Big Horn Golf Course in Palm Desert, California.",Sports
7163,"German court rules out Barbie monopoly (AFP) AFP - Germany's federal court of justice ruled against giving Barbie a monopoly in the themed doll market, saying that a German rival called Steffi Love had every right to compete with her.",World
4560,"Halliburton suffers loss on asbestos claims HOUSTON -- Oilfield services giant Halliburton Co. on Tuesday swung to a loss in the third quarter ended Sept. 30, hurt by hefty charges from discontinued operations related to the settlement of asbestos and silica claims.",Business
3239,Pitcairn trial views police interview tape The court presiding over the Pitcairn Island sex trials has been shown a videotape of a police interview with one of the accused. Steven Christian denies rape but he does admit to having sex with underage girls.,World
3027,"The C.E.O. Vanishes, and Other Mysteries Why did PeopleSoft, in the midst of a takeover fight with Oracle, fire its chief executive and president? Who knows? And that's a problem.",Sci/Tech
5859,Xabi Reckons England Are Great Xabi Alonso is prepared for a hard battle when Spain meet England in the Bernabeu on Wednesday having experienced the build-up from the other side.,Sports
2417,Baby for ovary transplant woman A Belgian cancer patient made infertile by chemotherapy has given birth following revolutionary treatment.,Sci/Tech
3537,"Shock Jock Group Boosts Satellite Radio Profile When radio shock jocks Opie and Anthony considered their next career move after two firings in four years, the twisted twosome was ready to feign rehabilitation. Or at least that was the plan when they sat down with satellite radio executives.",Sci/Tech
4331,"Campaign Spending on Rise in House Races (AP) AP - Ground zero for the country's costliest House race is Dallas, where two congressmen shoehorned into the same new district have each raised  #36;4.1 million  #151; and counting  #151; to bash each other with television ads and sophisticated mailings.",World
3705,"Iraqi forces raid Ramadi mosques US forces stepped up operations yesterday across a wide swath of the Sunni insurgent strongholds northwest of the capital, pounding targets in three urban centers from the air and supporting Iraqi troops in raids on mosques suspected of harboring ",World
215,"Hurricane center #39;s projection on Charley not far off, data show FORT LAUDERDALE, Fla. - (KRT) - Despite criticism that it should have better anticipated Hurricane Charley #39;s rapid intensification and quick turn, the National Hurricane Center #39;s forecast wasn #39;t that far off, a preliminary post-mortem shows. ",Sci/Tech
7030,"Without Batting An Eyelash : A very French welcome for a new &lt;b&gt;...&lt;/b&gt; THAT night, it seemed as if three or four parties were going on at once in Cosmo Manille. Wrong, palanggas. Actually, there were five in Makati alone, and one of them had a stream of traffic ",Business
3389,"Italian PM, Gaddafi open gas pipeline in new era of  #39;friendship #39; MELLITAH, Libya : Italia #39;s Prime Minister Silvio Berlusconi and Libyan leader Muammar Gaddafi opened a gas pipeline between their countries in a new era of  quot;friendship and cooperation quot; across the Mediterranean.",World
2948,U.S. cybersecurity chief resigns Amit Yoran leaves the Department of Homeland Security a little over a year after joining.,Sci/Tech
1652,"County unemployment drops to 3.7 percent SAN DIEGO - San Diego County #39;s unemployment rate was 3.7 percent in August, down from a revised 4.4 percent in July and 4.3 percent a year ago, the California Employment Development Department reported today.",Business
2401,"Cadbury Says Annual Results to Be at Low End of Range (Update1) Cadbury Schweppes Plc, the maker of Dr Pepper and 7Up, said results will be at the lower #39; #39; end of the range it has targeted in the current fiscal year because of lack of demand in the US and European drinks markets.",Business
4825,"Not quite high Tech Virginia Tech just couldn't seem to get going. There were turnovers. There were botched plays. There were missed opportunities. Then, in the last 5 1/2 minutes, Bryan Randall and the Hokies turned it all around.",Sports
1706,"Zurich abandons bid for 2014 Winter Olympics Zurich has decided to quit the bid for the 2014 Winter Olympics, according to a statement released bythe Swiss Olympic Association on Tuesday.",Sports
7448,"Time Warner settles with DOJ, SEC for \$510 mil Time Warner Inc. on Wednesday settled criminal securities fraud charges the government leveled on its America Online unit, agreeing to pay \$210 million to end the Justice Department #39;s probe.",Business
1526,"All the world #39;s a web page as the Bard goes online The earliest editions of Shakespeare #39;s plays provide a fascinating insight into how the playwright reworked his masterpieces over time, but until now, due to their age and ",Sci/Tech
3935,"Report: On tape, trainer says Bonds used drug in '03 SAN FRANCISCO -- Slugger Barry Bonds took an undetectable performance-enhancing drug during the 2003 season, his weight trainer said on a secretly recorded tape, the San Francisco Chronicle reported yesterday.",Sports
1582,"Hurricane Ivan Batters Grand Cayman GEORGE TOWN, Cayman Islands - Hurricane Ivan battered the Cayman Islands with ferocious 150-mph winds Sunday, threatening a direct hit as it flooded homes and ripped up roofs and trees three stories high.    Ivan has killed at least 60 people as it has torn a path of destruction across the Caribbean and was headed next for western Cuba, where it was expected to hit Monday, and could brush the Florida Keys and parts of Florida's Gulf Coast...",World
2620,Oil Near \$50 on Supply Fears in Nigeria Oil prices rose to record highs Monday near \$50 a barrel for US crude as Nigeria emerged as the latest focus for worries about supply in an already tight worldwide energy market.,Business
2909,"Nikkei Closes Higher After Strong Tankan  TOKYO (Reuters) - The Nikkei average closed up 1.49 percent  on Friday, the first day of the fiscal second half, as a strong  reading in the Bank of Japan's ""tankan"" business survey  prompted investors at home and abroad to jump into the market.",Business
2510,"Howard Wins Big The Bison win their second straight game with a 53-7 domination of nonconference Savannah State before 5,205 at Greene Stadium.",Sports
4156,"Russian army bullying 'horrific' The ritual of organised bullying in the Russian army is getting worse, an international rights group warns.",World
7538,EU Move on Cyprus Eases Way for Turkey Deal  BRUSSELS (Reuters) - The European Union and Turkey inched  toward a historic agreement on starting membership talks on  Friday as EU leaders softened their demands on the crucial  sticking point of Cyprus.,World
3147,"Voters Flock to Register by Deadline In a glimpse of what the nation might see a month from now, people lined up at election offices and caused parking lot traffic jams as voter registration deadlines fell Monday in more than a dozen states.    Many officials reported record numbers of new voters, some said they were overwhelmed, and allegations were already flying about fraud and the disqualification of some voters' applications...",World
7573,Microsoft buy comes with strings attached A software company that Microsoft acquired this week to help beef up computer security may come with a bug of its own--a company claiming ownership of the programs.,Sci/Tech
4884,"Injured Toomer might be able to play tomorrow Although Giants wide receiver Amani Toomer took limited work yesterday after missing the previous two days of practice, coach Tom Coughlin won #39;t decide on his availability ",Sports
7409,"Sun Brews Java Tools Updates The Java Studio Enterprise 7 platform, available now, offers a collaboration feature called Code-Aware that allows distributed teams of developers in different buildings and different continents work together on projects, according to Sun.",Sci/Tech
2439,"China Minmetals in talks to buy Noranda TORONTO -- One of Canada #39;s largest and best-known miners, Noranda Inc., is in exclusive talks to be acquired by a Chinese metals producer, the two companies confirmed Friday.",Business
1583,"Upsets Shake Up College Football Poll (AP) AP - The upsets have begun and the little guys are moving into The Associated Press poll. After ranked teams started the season 21-0, five fell to unranked opponents this weekend, shaking up media poll released Sunday.",Sports
6584,"Tough courses  #39;killing excitement #39; RICHARD Green is campaigning for a fair go for players in a bid to make home tour tournaments more exciting this summer. Green blasted the brutal course set-up for last week #39;s Australian Open, claiming it ",Sports
2779,"Will iTunes ever make a lot of money for Apple? On its latest earnings call (7/14/04), a question was asked about the profitability of iTunes, and management responded by stating that it made just a small profit.",Sci/Tech
1091,"French Hostage Transfer Sparks Release Hopes  PARIS (Reuters) - Hopes of a swift end to the French  hostage crisis rose early Friday, after the Le Figaro newspaper  that employs one of the two captives said the men were now  being held by Iraqi guerrillas willing to negotiate their  release.",World
1316,"Fierce Clashes in Iraq Kill 36; 203 Hurt US troops battled Shiite militiamen loyal to rebel cleric Muqtada al-Sadr in the Baghdad slum of Sadr City on Tuesday in fierce fighting that killed 36 people, including ",World
5972,"India #39;s Offer for Peace Talks on Kashmir Is Sweetened With Aid India #39;s prime minister, Manmohan Singh, came to Kashmir on Wednesday offering unconditional talks with anyone willing to renounce violence and a \$5.3 billion economic ",World
2648,"Hurricanes, unrest in Nigeria feed supply concerns SAN FRANCISCO (CBS.MW) -- Fueled by new supply worries in the United States and Nigeria, crude-oil futures made history Monday when the price topped \$50 per barrel late Monday and one analyst said additional disruptions could push prices to \$60 per barrel ",Business
5968,"Fire Pit Dated to Be Over 50,000 Years Old (AP) AP - In the growing debate about when people first appeared on this continent, a leading archaeologist said Wednesday he has discovered what could be sooty evidence of human occupation in North America tens of thousands of years earlier than is commonly believed.",Sci/Tech
227,Tennis: Roddick and Williams ousted ATHENS Shell-shocked Americans Andy Roddick and Venus Williams joined already-beaten men #39;s top seed Roger Federer in the favourites #39;exodus from the Olympic tennis tournament on Wednesday. ,Sports
3476,"First Look: RemoteTV Offers Slick Media Streaming Belkin's latest product lets you effortlessly share digital content within the house, but is it lawful?",Sci/Tech
3502,"GPS in Cell Phones Performs Well While some handheld computers have GPS capabilities, not nearly as many people carry a PDA as the legions who've adopted cell phones as a daily appendage. That's why the notion of adding GPS navigation to a cell phone, as Nextel has with a service called TeleNav, seems appealing.",Sci/Tech
990,NL Wrap: Edmonds Double Strike Lifts Cards Over Padres  NEW YORK (Reuters) - Jim Edmonds belted two solo homers to  lead the host St Louis Cardinals to an easy 9-3 win over the  San Diego Padres in National League action at Busch Stadium  Tuesday.,Sports
782,"Far from fun and Games for Jones ATHENS, Greece -- So other than your anemic, fifth-place finish in the long jump and the missed baton pass in the 400-meter relay for a big fat  quot;Did Not Finish, #39; #39; how did your day go, Marion Jones?",Sports
1418,"Inzaghi fit for start of season AC Milan striker Filippo Inzaghi is fit for the start of the Serie A season after recovering from an ankle injury, the club said on Thursday.",Sports
5833,Ivory Coast Leader's Camp Criticizes Arms Ban  ABIDJAN (Reuters) - Supporters of Ivory Coast's President  Laurent Gbagbo criticized on Tuesday a United Nations decision  to impose an arms embargo on the world's top cocoa grower but  rebel leaders welcomed the move.,World
4573,"26/10/04 Savabeel Compared To Dubai Millennium The man who says he didn #39;t have a pair of shoes until he was 12 is now fielding offers in the millions for a horse he compares to the late Dubai Millennium, the best in the world a few years ago.",Sports
1800,"Pakistan's Musharraf to Retain Army Post Pakistani President Pervez Musharraf will stay on as chief of the army staff beyond the date he promised to give up the post, the information minister said on Wednesday.",World
6820,"Fellowship of the Customized  Ring Tone In a short time, in a public way -- while on Metro, or in line at Starbucks, or inside a movie theater -- ring tones signal who you are. Or who you want people to think you are.&lt;FONT face=""verdana,MS Sans Serif,arial,helvetica"" size=""-2"" color=""#666666""&gt;&lt;B&gt;-The Washington Post&lt;/B&gt;&lt;/FONT&gt;",Sci/Tech
5688,(5) California 42 Washington 12 SEATTLE Fifth-ranked California ran past Washington 42-to-12. JJ Arrington rushed for 121 yards and Marshawn Lynch matched that. Lynch had TD runs of 32 and 70 yards along with a 29-yard scoring reception.,Sports
4350,"Agassi advances in Madrid MADRID, Spain (Ticker) - Appearing in his first tournament since the US Open, Andre Agassi has not displayed much rust. The 34-year-old Agassi advanced to the semifinals of the Tennis Masters Madrid on Friday ",Sports
7423,Veterans Pronger and McKenzie don #39;t think hockey will return until &lt;b&gt;...&lt;/b&gt; NHL veterans Chris Pronger and Jim McKenzie think this lockout is far worse than the one that wiped out half a season 10 years ago.,Sports
6721,Bush Backs US Tariffs on Shrimp Foreign shrimp producers have denied they are selling shrimp at artificially low prices as a way to win a larger share of the US market.,Business
7035,"Fake Lycos Screensaver Hides a Keylogger Lycos made headlines during the past several days by distributing a screensaver designed to swamp the sites of those deemed responsible for spam with traffic, in effect giving spammers, at least the companies that bankroll them, a taste of their own ",Sci/Tech
1713,"IBM, LG Electronics to End Joint Venture International Business Machines Corp. and LG Electronics Inc. will end an eight-year alliance that helped expand the US computer maker #39;s presence in the booming South Korean PC market.",Business
7344,"Briefly: Israel, Egypt and US trade pact Egypt, Israel and the United States have reached an agreement that allows Egyptian industry to sell products using Israeli parts duty free in America.",World
1130,"Israeli Troops Kill Two Palestinians (AP) AP - Israeli troops killed two Palestinians in two separate incidents Friday, and Israeli helicopters fired three missiles at a Gaza warehouse the army said was used for making weapons.",World
2778,Travelzoo Shares Rise as Offering Rumor Fades (Reuters) Reuters - Shares of Internet travel site\Travelzoo Inc.  rose nearly 4 percent on Wednesday as\market rumors of a secondary stock offering faded.,Sci/Tech
2057,"German Far-Right Profits from Anger Over Reforms German far-right parties surged in eastern state elections Sunday, riding public anger against government welfare cuts and fanning fears among mainstream parties that the country #39;s image could suffer.",World
2673,"Microsoft, Amazon.com file phishing, spamming lawsuits Microsoft and Amazon.com Monday filed one joint and several separate lawsuits against companies and individuals accusing them variously of trying to defraud consumers by imitating Amazon and Microsoft, the companies said Tuesday.",Sci/Tech
3885,Hanging by fingertips JAMAICA #39;S BID for a place in the 2006 World Cup finals suffered a major setback on Wednesday night when they picked up only one point against El Salvador at the National Stadium.,Sports
3964,"Strangers in Life Join Hands in Death as the Web Becomes a Tool for Suicide in Japan About once a month since January 2002, Japan has recorded a group suicide, successful or attempted, where participants met on the Internet.",Sci/Tech
7254,Poll cost us victory - Cech Referee Graham Poll came under renewed fire today as goalkeeper Petr Cech blamed him for costing Chelsea victory at Highbury by allegedly reneging on a promise to blow his whistle before Thierry Henrys free-kick.,Sports
2924,"GAME DAY PREVIEW Game time: 7:30 PM NEW YORK (Ticker) -- After a season in which they fired their coach, the New York Liberty are hosting the top-seeded Connecticut Sun Friday in Game One of the best-of-three Eastern Conference finals.",Sports
1521,"Alleged U.S. Deserter Set to Surrender TOKYO - Accused U.S. Army deserter Charles Jenkins left his Tokyo hospital for an American military base to surrender to military authorities Saturday, nearly 40 years after he allegedly defected to North Korea...",World
2795,"Cendant to Buy Orbitz for \$1.25 Billion  CHICAGO (Reuters) - Travel and real estate heavyweight  Cendant Corp. on Wednesday said it will buy travel Web site  Orbitz Inc. for about \$1.25 billion, making it the  second-largest competitor in the online travel industry.",Business
6494,Pompey start life without Harry with a win London - Portsmouth have recovered from the shock of manager Harry Redknapp #39;s resignation in midweek to give new executive director Velimir Zajec his first win.,Sports
7532,"Pedro, GM welcome challenge that awaits The Boston Red Sox could offer Pedro Martinez the still-dizzying celebration of a city that he helped to a historic World Series championship.",Sports
5339,Postal Service to Use Motorola Devices (AP) AP - Motorola Israel Ltd. said Monday it will provide the U.S. Postal Service with new hand-held scanning devices under a three-year deal worth about  #36;300 million.,Sci/Tech
4004,"'Frankenfish' Caught in Great Lakes (Reuters) Reuters - The dreaded Northern Snakehead, a\voracious predator dubbed the ""Frankenfish"" that can breathe\out of water and wriggle across land, has invaded the Great\Lakes, authorities said on Friday.",Sci/Tech
128,"UPI NewsTrack Sports -- The United States men #39;s basketball team capped off a big day for the USA by fighting off Greece for a vital win, 77-71.  quot;They played with heart, quot; said Coach Larry Brown.  quot;That #39;s all you can ask. quot; ...",Sports
5506,"Gold Fields loses high court bid to halt Harmony takeover South African mining giant Gold Fields lost a high court bid to halt a hostile takeover by rival Harmony Gold, which is seeking to create the world #39;s biggest gold producer, a court official said.",Business
3633,"Pakistan Test-Fires Nuclear Missile Pakistan has successfully test fired a medium-range, nuclear-capable missile that could hit most cities in neighbouring India. Defence officials said the exercise was not intended as a message to the South Asian rival.",World
2441,Microsoft Changes Its Tune on Porting SP2 Fixes Microsoft Watch: Redmond had told developers privately earlier this year of plans to port some SP2 fixes to older versions of Windows.,Sci/Tech
5237,"Arafat #39;s legacy: Statelessness for Palestinians The exit from the world stage of Palestinian leader and icon Yasser Arafat will mark the end of a turbulent era, and the beginning of a period of uncertainty and possible instability in the volatile cauldron of the Israeli-Palestinian conflict.",World
4526,"Dave Hyde column, October 25, 2004 In somber tones and professional adjectives, the president, the athletic director and the no-longer-the-football-coach took turns announcing a University of Florida firing Monday that was surprising only for coming sooner rather than later.",Sports
4307,Trial Date Set for Soldier at Abu Ghraib (AP) AP - A military judge ordered a U.S. Army reservist on Friday to stand trial Jan. 7 in Baghdad for allegedly abusing Iraq inmates at the Abu Ghraib prison outside Baghdad.,World
6186,Woods wins Dunlop Phoenix Miyazaki - Tiger Woods shot a 3-under 67 Sunday to win the Dunlop Phoenix for his first title since February and first victory in Japan.,Sports
6424,"Marzeoti (4 TDs) paces Shawsheen For years, Shawsheen Tech and Greater Lowell have battled for the William J. Collins Cup on Thanksgiving Day.",Sports
6480,Iraq election delay  #39;considered #39; Iraq #39;s electoral commission has said it will consider a request from leading political parties to delay general elections scheduled for 30 January.,World
4234,Cricket: Pakistan edge ahead Pakistan take a slim lead over Sri Lanka by the end of the day two in the first Test.,World
1942,Butt facing ban Newcastle midfielder Nicky Butt is facing up to the possibility of a three-match European ban for his moment of UEFA Cup madness. The 29-year-old England international lost his cool with Hapoel Bnei Sakhnin ,Sports
2547,Iran deploys new missile TEHRAN: Iran added one more missile to its military arsenal and the defense minister said Saturday his country was ready to confront any external threat.,World
3265,How to take the perfect penalty A sports psychologist says how footballers should prepare themselves for the high-pressure penalties.,Sci/Tech
4547,"Adobe Services Now Via Yahoo! Adobe Systems and Internet provider Yahoo! have announced a tie-up aimed at providing consumer services to Internet users. The two companies will introduce integrated products that feature Adobe services, increase the reach of Yahoo!",Sci/Tech
6617,"Sony, IBM, and Toshiba Reveal Additional Details on Cell Chip Initial versions of PlayStation 3 chip will not be produced with a cutting-edge chip-making technology. The four companies developing the Cell consumer electronics microprocessor released a few more details ",Sci/Tech
6823,"Health Care Technology Is a Promise Unfinanced While the Bush administration's words of support for a high-technology future for health care have been plentiful, the dollars, it seems, are scarce.",Sci/Tech
5422,U.S. Genetically Modified Corn Is Assailed A scientific panel of international experts has concluded that the unintended spread of  U.S. genetically modified corn in Mexico poses a potential threat that should be limited or stopped.,Sci/Tech
2310,"Unctad optimistic on global FDI inflows The United Nations Conference on Trade and Development (Unctad) on Wednesday said that though global inflows of FDI fell in 2003 for the third year in a row to \$560 billion, prospects for the current year are promising.",Business
281,"Liu brings China 4th gold in weightlifting at Athens Games ATHENS, Aug. 19 (Xinhuanet) -- Chinese Hercules Liu Chunhong Thursday lifted three world records on her way to winning the women #39;s 69kg gold medal at the Athens Olympics, the fourth of the power sport competition for China. ",Sports
2463,"Sudan 'foils Islamist coup plot' Sudan says it has foiled a coup plot by backers of detained Islamist leader, Hassan al-Turabi.",World
3488,Welcome to Alderson Homemaking guru Martha Stewart slipped into the federal prison camp here in the dark morning hours to start her five-month sentence.,Business
7269,Bengals' Palmer Questionable for Sunday  CINCINNATI (Sports Network) - Cincinnati Bengals  quarterback Carson Palmer is questionable for Sunday's game  against Buffalo after an MRI exam Monday revealed no serious  damage to his left knee.,Sports
6240,Microsoft and Dell Get Air Force Pact Microsoft Corp. on Friday said that together with Dell Inc. it will provide the Air Force with software and related support services to simplify the acquisition process in an agreement worth up to \$500 million over six years.,Sci/Tech
3858,"NFL Preview: Another streak mark looming for Patriots Until the final 11 minutes of the Rams-Seahawks game last week, Seattle #39;s visit to New England this Sunday looked like one of those overhyped matchups labelled  quot;Super Bowl Preview quot; or  quot;Streak-Ender.",Sports
3980,An Old Church's New Tilt Inspires Tourists and T-Shirts A humble church has something Germany's glorious Cologne Cathedral cannot match: a leaning tower.,World
7106,"GE to Buy Back \$15 Bln in Stock, Raises Dividend (Update1) General Electric Co., the biggest company by market value, said it will buy back as much as \$15 billion in stock over three years and raised its quarterly dividend 10 percent, more than some analysts had estimated.",Business
42,"Politics an Afterthought Amid Hurricane (AP) AP - If Hurricane Charley had struck three years ago, President Bush's tour through the wreckage of this coastal city would have been just the sort of post-disaster visit that other presidents have made to the scenes of storms, earthquakes, floods and fires.",World
1329,"Campaigning Begins for Afghan Election (AP) AP - Afghanistan's historic election campaign got under way Tuesday, pitting 17 hopefuls against interim leader Hamid Karzai in the race to become the impoverished country's first popularly elected president.",World
5563,"Italy: Sicilian derby ends in draw PALERMO, Nov 11 (SW) - After a 39-year wait for a Serie A Sicilian derby, the match between Palermo and Messina on Thursday managed only a 0-0 draw.",Sports
3283,"Ailton Weighs Rising Sun Offer Schalke 04 striker Ailton has revealed that he has a big bucks contract waiting for him in Japan. (My agent) put a concrete offer from Japan in front of me, quot; the reigning German Footballer of the Year told SportBild.",Sports
4794,Gateway reports smaller net loss as restructuring continues Gateway Inc. reported a narrowed net loss in the first quarter as it continues to restructure its operations and integrate its acquisition of eMachines.,Business
2344,"Bailout plan shelved for Donald Trump #39;s casinos A proposed bailout of Donald J. Trump #39;s casino company has been shelved, and Trump now says he may take the company private. The company #39;s shares fell 10 percent.",Business
1518,"Braves hope Furcal #39;s situation doesn #39;t tarnish race While Rafael Furcal #39;s DUI arrest on Friday could serve as a distraction for the remainder of the season, the Braves are looking to put the matter behind them, and at the ",Sports
6060,"Are the Spanish really racist? For once, it was the English fans who could claim the moral high ground. The Spanish Football Federation now faces an official inquiry after several black players in Wednesday night #39;s England squad were subjected ",Sports
2300,Job-Loss Panic Rises in Western Europe (AP) AP - Stephane Zervos first suspected his job was threatened when his bosses removed most of the heavy equipment from the car wheel factory where he'd worked for 24 years.,World
6917,Allianz to fight US court ruling on WTC attacks MUNICH - German insurance concern Allianz said on Tuesday it would fight a US jury decision in New York which doubled the amount of insurance which the leaseholder of the destroyed World Trade Center towers could collect from nine insurance firms.,Business
362,"Colgate to cut workforce CONSUMER goods maker Colgate-Palmolive said today it would cut about 12 per cent of its 37,000-person work force and close a third of its factories worldwide as part of a four-year restructuring.",Business
4611,"Oracle #39;s bid still facing hurdles PeopleSoft reiterated on Tuesday its opposition to a \$7.7 billion takeover offer from Oracle after the European Union approved the bid, removing the last regulatory hurdle to a deal.",Business
7107,"Finley to Remain in Southern Calif., with Angels  ANAHEIM, Calif. (Sports Network) - The Anaheim Angels have  reportedly agreed to a contract with veteran free-agent  outfielder Steve Finley.",Sports
5608,EU studies Iranian response on nuclear program wrangle VIENNA (AFP) - EU officials were evaluating Iran #39;s response to an offer for Tehran to avoid possible UN sanctions over its nuclear program in a wrangle that has led a UN watchdog to hold up a key report.,World
2147,"Winslow, McAllister, Maddox Among Injured (AP) AP - The rookie season of Cleveland Browns tight end Kellen Winslow Jr. may have ended after just two games.",Sports
3359,Everyone wants a piece of Orton Every sports collectible dealer knows the key to profit is getting in early. And the hounds are suddenly on the scent of Kyle Orton.,Sports
1641,"Cisco Melds Add-on Features Into Branch-Office Routers SEPTEMBER 13, 2004 (COMPUTERWORLD) - Cisco Systems Inc. tomorrow plans to announce an all-new line of branch-office routers that integrate basic routing capabilities with IP voice support, security tools and other functionality.",Sci/Tech
642,"U.N. Urges Funds to Curb African Locusts (AP) AP - With swarms of locusts threatening crops in a number of African countries, a U.N. agency appealed for an additional  #36;70 million in assistance Thursday to prevent the upsurge from becoming a full-scale plague.",Sci/Tech
1088,"The Playlist: What's Wrong With Digital Music Stores? (PC World) PC World - Though digital music has come a long way, today's online music stores still have significant problems. Here's my fix-it wish list.",Sci/Tech
1672,"Japan executes child killer Japan has hanged a man convicted of stabbing to death eight elementary school children in a rampage that shocked the nation and severely shook its sense of security, local media have said.",World
4936,"Ninety million Bagle worms kill the Windows XP2 firewall Earlier this year Microsoft released a major security update for Windows XP, which was designed to strengthen the operating systems defences against attack from viruses and hackers.",Sci/Tech
2050,Owen starts as Real lose Michael Owen admitted Real Madrid are still looking for the right balance after they lost 1-0 at Espanyol in a bad-tempered game on Saturday.,Sports
2169,"Ask Jeeves retools search engine in bid to catch Google, Yahoo SAN FRANCISCO -- Hoping to emerge from the shadow of its more popular rivals, Ask Jeeves Inc. is adding new tools for visitors to save and organize links to Web pages they find through the company's online search engine.",Business
6581,"Space Station Crew Moves Rescue Capsule The maneuver frees the hatch on the docking station that the crew members will use for work sorties in January and March. In addition, the launch of an unmanned Progress cargo ship has been postponed one day to December 24.",Sci/Tech
522,"Director Leaves Hollinger Inc. Board Hollinger Inc., th #39;e Toronto-based holding company controlled by disgraced media baron Conrad Black, lost an independent director Tuesday when a former general in Canada #39;s armed forces resigned from its board.",Business
326,Republican Convention Light on Stars (AP) AP - The Republicans will have one sure Hollywood star for their convention  #151; California Gov. Arnold Schwarzenegger  #151; along with performers to keep the country music fans happy. But they'll be hard-pressed to match the Democratic convention's appeal to young voters led by Ben Affleck.,World
2392,Feed-Tube Law Is Struck Down in Florida Case The court said that Gov. Jeb Bush violated separation of powers when he signed a law to keep Theresa Schiavo alive.,World
3840,Warne #39;s career 1992: Makes Test debut against India in January. In two Tests against India his overall figures are 1-228. Australian wicketkeeper Rod Marsh invites him to return to the Adelaide Academy and his career is ,Sports
839,Our mobile margins will fall: Telstra TELSTRA chief financial officer John Stanhope has admitted Telstra #39;s margins in its \$4.5 billion a year mobile phone business will shrink this year in the face of increased price competition and the growing cost of acquiring new customers.,Sci/Tech
940,"Bryant Jury Selection Behind Closed Doors (AP) AP - Prospective jurors in the Kobe Bryant rape case were asked their feelings on racial prejudice, interracial relationships, marital infidelity and justice for the rich and famous in an 82-item questionnaire released Monday.",Sports
6456,"Man held for slashing teens Beijing - Chinese police have detained a man who they say murdered eight teenagers and injured four others in a school dormitory overnight, state press said late on Friday.",World
6432,"450 Colombian Paramilitaries Disarm (AP) AP - Some 450 right-wing paramilitary fighters left Colombia's crowded battlefields, turning in their weapons and asking society to let them back into its fold.",World
777,"Hamm flap, Dream Team just wrong ATHENS, Greece -- Look at it this way: At least the US basketball team won #39;t be asked to give back its gold medal. On a day that was Olympic in scope both for its shock value and its intrinsic weirdness, the ",Sports
5644,Prosecutor seeks 8 years in jail for Berlusconi  MILAN -- An Italian prosecutor asked a court yesterday to sentence Silvio Berlusconi to eight years in jail for bribing judges as the prime minister's four-year corruption trial reached its closing stages.,World
48,"China Says Taiwan Spy Also Operated in U.S. - Media  BEIJING (Reuters) - Beijing on Monday accused a  Chinese-American arrested for spying for Taiwan of building an  espionage network in the United States, and said he could go on  trial very soon.",World
1640,"Copy, rip, or import? If you #39;ve been using the new Windows Media Player 10 for Windows XP, you may have noticed that Microsoft shifted from some of the more formal language that it used in Windows Media Player 9 --  quot;Copy from CD quot; and  quot;Copy to CD quot; -- to the more casual terms ",Sci/Tech
5268,"Bonds deserves a  quot;C quot; for historic 73 What symbol should be placed next to Barry Bonds #39; monumental mark of 73 home runs? How about a capital  quot;C quot; for  quot;The Cream, quot;  quot;The Clear, quot;  quot;The Cheat quot;?",Sports
1509,Oracle case bounces to Europe The European Commission is studying the U.S. court decision favoring Oracle's PeopleSoft buyout and deciding whether to pursue its own objections.,Sci/Tech
2986,Ex-Manager At Fannie to Skip Hearing The former Fannie Mae employee who assisted federal regulators in an investigation of the company's accounting will not testify at a congressional hearing next week.,Business
4583,Fan Death Family members of a college student killed by Boston police during a Red Sox celebration will wait for an internal investigation before deciding if they will sue the department.,Sports
4220,"Vijay Singh seeks ninth win of 2004 World No. 1 Vijay Singh, who is seeking his ninth win on the PGA Tour this year, will play the final three events this season, starting with this week #39;s Funai Classic.",Sports
65,Indian state rolls out wireless broadband Government in South Indian state of Kerala sets up wireless kiosks as part of initiative to bridge digital divide.,Sci/Tech
6900,Stocks up in midst of mixed signs Stocks edged higher Friday as another drop in oil prices helped Wall Street withstand the effects of a disappointing jobs creation report.,Business
4469,"Africa must move away from conflicts: Mbeki LUSAKA: Africa must move away from conflicts and begin to pool its resources to develop the impoverished continent and reduce poverty, South African President Thabo Mbeki said on Sunday.",World
217,AMP shrugs off British debacle Australian insurer AMP returned to the black in the first half of the year with net profits of A\$378m (150m) after a disastrous foray into Britain pushed it A\$2.16 billion into the red last year. ,Business
2879,"Opportunity Rings (Forbes.com) Forbes.com - This past summer 25,000 consumers, aged 18 to 24, received short text messages on their cell phones alerting them to numbers on 225 million bottle caps of Snapple iced tea, pink lemonade and the like. People holding a winning number, announced by text message and traditional media, landed overseas trips and walk-on parts on TV shows.",Sci/Tech
3607,"Senate approves tax relief bill for manufacturers The Senate today passed a far-reaching, \$136 billion corporate tax package that cuts taxes for businesses ranging from film companies to bow-and-arrow makers while closing tax loopholes and bringing US exporters in line with ",Business
6293,"The Handbag? Total Knockoff. The Price Tag? All Too Real. It is as much a rite of the New York holiday season as sidewalk Santas or crowded Fifth Avenue sidewalks: the proliferation of hawkers selling counterfeit products like the fake Fendi handbag, the replica Rolex watch and the pirated DVD.",Business
4196,"American Fish Confident About Tough Davis Cup Final The US Davis Cup team is gearing up for a tough final against strong Spanish opponents on an unfavorable surface but are optimistic about beating their hosts, said their semi-final team member Mardy Fish.",Sports
4162,Spain arrests eight over plot to bomb court A terrorist attack believed to be aimed at the national court in Madrid seems to have been foiled by the arrest in the past two days of eight alleged radical Islamists.,World
4757,"Bomb kills one in southern Thailand A bomb has exploded in southern Thailand, killing one person and injuring about 20, in what could be the first reaction to the deaths of 85 Muslim protesters earlier this week.",World
6207,"Update 2: Oracle Poised to Pounce on PeopleSoft Bolstered by investors, Oracle Corp. appears destined to complete its long-sought takeover of PeopleSoft Inc. unless its rival becomes more profitable and proves it #39;s worth more than the \$9.2 billion bid currently on the table.",Business
5303,"Canada Oct. Housing Starts Fall 5.4, Led by Cities (Update1) Canadian housing starts fell 5.4 percent to an annual pace of 225,000 units in October, led by drops in multi- and single-family homebuilding in cities, the federal government #39;s housing agency said.",Business
5622,"AOL Dumping Some Broadband unsupported writes  quot;Just days after news that AOL will be breaking up into 4 business units, AOL is telling existing broadband customers in 9 Southern states to find a new carrier.",Sci/Tech
6167,"US Spacecraft to Probe Origin of Gamma Rays Far Beyond Our Galaxy The US space agency, NASA, launched a satellite Saturday that scientists hope will help them locate the sources of mysterious gamma ray explosions, the ",Sci/Tech
6756,"Internet pioneer closes Manitoba pharmacy; blames dollar, uncertain climate (Canadian Press) Canadian Press - WINNIPEG (CP) - Just one year ago, Mark Rzepka was opening a  #36;1-million Internet pharmacy in the small Manitoba town of Niverville believing he would be able to quadruple his staff within 12 months.",World
514,"Iraqi Guardsmen Ring Najaf Shrine US and Iraqi forces battled militants in Najaf on Tuesday and Iraqi National Guardsmen advanced to within 200 yards of the holy city #39;s Imam Ali Shrine compound, where insurgents loyal to radical cleric Muqtada al-Sadr have been holed up for weeks.",World
2013,Russia: the losing battle against terrorism and insurgency Terrorism in Russia took on horrifying proportions in August and early September when more than 400 people were killed in four separate incidents in a span of less than two weeks.,World
678,"Yemeni Poet Says He Is al-Qaida Member GUANTANAMO BAY NAVAL BASE, Cuba Aug. 26, 2004 - In a dramatic turn that silenced defense lawyers, a Yemeni poet accused of crafting terrorist propaganda argued on Thursday to represent himself before a US ",World
970,"UPDATE 3-Albertsons hit by California strike; shares fall Albertsons Inc. (ABS.N: Quote, Profile, Research) , the No. 2 US grocer, on Tuesday reported a substantial drop in its quarterly profit as heavy promotions ",Business
314,UAL and Its Creditors Agree to 30-Day Extension UAL's United Airlines will have a 30-day extention on the period in which it can file an exclusive bankruptcy reorganization plan.,Business
112,"Motorola and HP in Linux tie-up Motorola plans to sell mobile phone network equipment that uses Linux-based code, a step forward in network gear makers #39; efforts to rally around a standard. ",Sci/Tech
2990,"One hurt in blast at Philippines Muslim regional government complex (AFP) AFP - A powerful home-made bomb has exploded in a compound housing offices of an autonomous Muslim regional government in the southern Philippine city of Cotabato, wounding one person, police said.",World
4921,The Great Vegetarian Scam Ive written before about my struggle to remain a vegetarian on Tuesday - when I abjure meat for religious reasons -hile travelling.,Sci/Tech
4922,Iranian bill backs nuclear drive has passed a bill obliging the government to continue efforts to develop a nuclear energy programme. Uranium enrichment can be used both for nuclear power and to make atomic bombs.,World
1375,"Motorola Aims to Sharpen Design Edge In a 26th-floor office suite overlooking Lake Michigan, some 40 industrial designers, mechanical engineers and specialists in fields ranging from anthropology to musicology ",Sci/Tech
4752,"Blast Outside Thailand Bar Injures 15 (AP) AP - A bomb exploded Thursday evening outside a bar in southern Thailand, the scene of a campaign of violence blamed on Islamic separatists, injuring at least 15 people, police said.",World
5517,"Viet Nam deeply regrets Palestinian leader #39;s death Ha Noi, Nov. 11 (VNA) -  quot;We are deeply moved and grieved by the death of President Yasser Arafat, President of the Palestinian State and President of the Palestine Liberation Organisation, quot; Foreign Ministry spokesman Le Dung has said.",World
7290,"Symantec Said to Be in Talks for Veritas Symantec, which produces the Norton line of computer products, is in talks to acquire Veritas Software, a maker of data backup programs.",Business
1465,"Georgia Receivers Try to Make Their Mark (AP) AP - It's taken four years and then some. Through injuries, timid play, occasional doubts and flashes of brilliance, everyone at Georgia has waited for Fred Gibson and Reggie Brown to fulfill their enormous potential.",Sports
434,"Seattle Times business columnist admits plagiarism, resigns A business columnist has resigned from the Seattle Times after admitting he plagiarized the work of other journalists, said the newspaper.",Business
889,"Challenger disappoints with writedown The Kerry Packer-backed Challenger Financial Services Group has reported its first net loss since incorporating, impacted by a massive writedown of goodwill.",Business
5149,"All rosy at which bank PRODUCTIVITY gains should keep Commonwealth Bank in a sweet spot for years to come, departing chairman John Ralph claimed yesterday.",Business
7036,"Mobile phone sales to beat fixed lines in 2004: report (AFP) AFP - Mobile phones are expected to generate more money this year than traditional fixed-line services for the first time due to surging demand in developing countries such as China, India and Russia, an annual industry report said.",Sci/Tech
4219,"Lucent milestone: A profit Lucent Technologies yesterday posted higher fiscal fourth- quarter earnings, helping lift the telecommunications equipment maker to its first profitable year since 2000.",Business
6487,"Rioters firebomb police station TERRIFIED police have told how they feared they would die as a rampaging mob burnt down the police station in which they were trapped on Palm Island, off north Queensland.",World
5804,"S amp;P 500 Slides; Nasdaq, Dow Rise The Standard  amp; Poor #39;s 500-stock index slipped from a three-year high, dragged lower by energy shares including Exxon Mobil as crude-oil prices dropped to their lowest in almost two months.",Business
109,TGn Sync Proposes New WLAN Standard The battle over home entertainment networking is heating up as a coalition proposes yet another standard for the IEEE #39;s consideration. ,Sci/Tech
6459,Frisday #39;s Sports Transactions BOSTON CELTICS_Activated G Delonte West from the injured list. Placed F Justin Reed on the injured list. PHILADELPHIA 76ERS_Activated G Aaron McKie from the inujred list.,Sports
1280,"Dell cuts prices on many corporate products Dell on Monday said it had cut prices by as much as fifth for a range of products aimed at US corporate customers, as the computer maker passed along savings from cheaper components.",Sci/Tech
7184,Klitschko too good for Williams Vitali Klitschko proved too strong for Danny Williams as he retained his world championship crown in Las Vegas last night. Williams vowed to continue boxing despite being outclassed by Klitschko.,Sports
5446,"Solar spacecraft set to launch next year The \$4 million Cosmos 1 project is backed by The Planetary Society, co-founded by Carl Sagan. By The Associated Press. A solar sail spacecraft designed to be propelled by the pressure of sunlight will be launched ",Sci/Tech
1825,"Techs extend Nikkei #39;s rally Technology shares edged up in Asia on Tuesday, as crude oil prices hovered near \$44 a barrel and the dollar languished ahead of key US economic data.",Business
2804,"Red Hat acquires AOL #39;s Netscape server software In a move to add more open-source arrows to its quiver, Linux seller Red Hat has acquired the Netscape server software products of AOL Time Warner, the companies plan to announce Thursday.",Sci/Tech
547,"A man with a plan ATHENS -- Four years ago in Sydney, after the US gymnasts had gone medal-free at the Olympics for the first time in 28 years, federation president Bob Colarossi was sitting at a table, explaining that the turnaround already had begun. The women had moved from sixth to fourth in the world in one year, the men from sixth to fifth. ...",Sports
4690,"Hubris, Caution in Boston as Red Sox Eye Victory (Reuters) Reuters - Giddiness. Paranoia. Arrogance. Caution.\All were on display on Wednesday in Boston as the supposedly\cursed Red Sox moved within one victory of a baseball\championship that has eluded them for 86 years.",Sports
6433,Cal Quarterback to Enter NFL Draft (AP) AP - California quarterback Aaron Rodgers will skip his senior season to enter the NFL draft.,Sports
6682,"EPA May Conduct Human Tests for Chemicals (AP) AP - In setting limits on chemicals in food and water, the Environmental Protection Agency may rely on industry tests that expose people to poisons and raise ethical questions.",World
369,"U.S. Softball Team Wins, Closes in on Gold ATHENS, Greece - Right now, the Americans aren't just a Dream Team - they're more like the Perfect Team. Lisa Fernandez pitched a three-hitter Sunday and Crystl Bustos drove in two runs as the Americans rolled to their eighth shutout in eight days, 5-0 over Australia, putting them into the gold medal game...",World
6976,"Police, Peddlers Clash in Venezuelan City (AP) AP - Police and National Guard troops fired tear gas and plastic bullets at crowds of angry street vendors in Venezuela's capital Wednesday as officers tried to remove merchants from zones where they are barred from selling their wares.",World
3308,"Kobe Bryant Accuser #39;s Name to Be Disclosed -Judge The young woman who accused basketball star Kobe Bryant of rape must disclose her identity in her civil case against him, a federal judge ruled on Wednesday.",Sports
7189,"Technology ; STT, Telekom Malaysia buy 48 pct of Idea Singapore government-owned STT and TM International, the international investment arm of Telekom Malaysia, said in a statement on Saturday they had signed  quot;definitive agreements quot; to buy the entire stake of Cingular Wireless in Idea.",Business
693,Sports: Braves 6 Rockies 4 ATLANTA Mike Hampton hit an RBI single and Atlanta stretched its lead in the NL East by winning its fourth in a row 6-to-4 over Colorado.,Sports
3393,"Karzai Uncle Sam #39;s man WASHINGTON, October 08 (Online): As Afghans prepare for their first presidential elections on October 9, President Hamid Karzai, a Pashtun, is being challenged by over a dozen factional leaders, but most Afghans and international officials expect him to ",World
3489,Socceroos lead at break The Socceroos lead the Solomon Islands 4-0 at half-time in their Confederations Cup qualifier in Honiara. A double from midfielder Josip Skoko and strikes to Ante Milicic and the impressive Brett Emerton have ,Sports
4786,"Elarton agrees to \$850,000, one-year deal with Indians Scott Elarton, who pitched effectively late in the season after a slow start with Cleveland, agreed Thursday to an \$850,000, one-year contract with the Indians.",Sports
4799,"British tourists killed in Jordan bus crash Nine British tourists, two Jordanians and an Egyptian have been killed in a bus accident in southern Jordan, civil defence sources and diplomats say.",World
6020,"AOL beefs up its homeland security AOL has added a range of features to ward off computer viruses, intrusive spyware programs and spam to a special edition of its internet access package, AOL 9.0 Security Edition.",Sci/Tech
2532,"A win worth a Calypso or two London, September 26: Just the way the Brazil is synonymous with soccer and Tom with Jerry, West Indies cricket has always been synonymous with fast bowlers, with batsmen who had more flair than wood in their willows; and with calypso.",Sports
2425,"UK Watchdog Turns Up Heat on Banks  LONDON (Reuters) - Britain's financial regulator will step  up scrutiny of investment banks' management of conflicts of  interest and risk in the wake of a number of high profile cases  such as WorldCom, Enron and Parmalat.",Business
2038,"A Check on Bad Banking Habits Are you used to getting a fat envelope from your bank with all your canceled checks? Well, soon those checks may not be in the mail.",Business
1794,"Howe won #39;t be back in 2005 According to a report on the MSG Network website, New York Mets manager Art Howe will not return as the team #39;s manager for the 2005 season.",Sports
2118,"Attackers shoot, burn villagers in east Congo, killing 14, UN says (Canadian Press) Canadian Press - KINSHASA, Congo (AP) - Attackers overran a sleeping village in east Congo's lawless Ituri province Monday and slaughtered 14 residents, including seven children who were burned alive, a UN spokeswoman said.",World
5770,"Iran agrees to nuclear enrichment freeze -diplomats Iran has agreed to suspend its uranium enrichment programme in an attempt to ease concerns that its nuclear programme is aimed at developing weapons, a Western diplomat close to the United Nations said today.",World
4545,Powell calls for more Korea talks US Secretary of State Colin Powell ends  his tour of Asia by once again asking North Korea to resume nuclear talks.,World
5735,"Colts 49, Texans 14 INDIANAPOLIS Peyton Manning completed 18 of 27 passes for 320 yards and threw five touchdowns as the Indianapolis Colts beat the Houston Texans, 49-to-14.",Sports
1525,"Flight From Keys Begins as Gusts Whip Jamaica As Hurricane Ivan began to lash Jamaica with wind and rain, officials in Florida stepped up their evacuation efforts.",World
3666,"Bengals DE Smith pleads not guilty to DUI Kettering, OH (Sports Network) - Cincinnati Bengals defensive end Justin Smith entered a plea of not guilty for his drunken driving charge stemming from an arrest last Tuesday.",Sports
4126,Veterans face quandary with Pistons Antonio McDyess and Derrick Coleman understood that coming to the defending NBA champion Detroit Pistons offered the best and worst scenarios for a veteran player.,Sports
2725,Gunmen free CNN journalist Palestinian gunmen yesterday released a CNN journalist abducted in Gaza City apparently to pressure members of an Arab minority group not to serve in the Israeli army.,World
1950,"Veteran defender signs with Newcastle; Dyer out with injury Newcastle, England (Sports Network) - Central defender Ronny Johnsen signed a deal with Newcastle United until the next transfer window in January.",Sports
1456,"Alcoa Warns Earnings to Miss Forecasts (Reuters) Reuters - Alcoa Inc. , the world's largest\aluminum producer, on Thursday warned that third-quarter\results would fall far short of Wall Street expectations, hurt\by plant shutdowns, restructuring costs and weakness in some\markets.",Business
5031,"Update 2: Time Warner Profit Dips, Sets Aside Reserve Time Warner Inc., the world #39;s largest media company, said Wednesday that its third quarter earnings slid 8 percent as it set aside a \$500 million reserve because of pending government investigations.",Business
5405,"Shake-up at British retailer LONDON Marks  amp; Spencer announced a management shake-up Tuesday that cost six senior executives their jobs, as the company said profit plunged and sales dipped in its home market for the first half of 2004.",Business
2423,"Internet Emerging As Potent Terrorist Tool By THOMAS WAGNER     LONDON (AP) -- The images coming out of the latest hostage crisis in Iraq - capped by dramatic video of British captive Kenneth Bigley begging for his life - have transfixed Britons, left governments looking helpless, and revived a classic dilemma about whether to negotiate with terrorists.    But the plight of the British construction worker and his two murdered American colleagues has also raised new concerns about terrorists' tremendous ability to set agendas in an Internet age that makes their messages - even in the form of shocking beheading videos - all but impossible to stop...",Sci/Tech
4185,"Gas Prices Continue Slide, Down to  #36;1.93/gallon (Reuters) Reuters - U.S. average retail gasoline prices\fell over the last two weeks and are poised to slip even\further as crude oil prices continue to tumble, an industry\analyst said on Sunday.",Business
5990,"Raptors fall to Nuggets CBC SPORTS ONLINE - After starting the season with three straight wins, the Toronto Raptors are heading back home with a losing record.",Sports
5059,"US stocks: Markets rally on Bush win; oil surge limits gains US stocks rallied Wednesday, boosted by shares of health and defence companies that are seen benefiting from the re-election of President George W. Bush, but higher oil prices checked advances.",Business
63,"Oracle Overhauls Sales-Side Apps for CRM Suite (NewsFactor) NewsFactor - Oracle (Nasdaq: ORCL) has revamped its sales-side CRM applications in version 11i.10 of its sales, marketing, partner relationship management and e-commerce application.",Sci/Tech
1036,"Samsung Says It Will Expand Chip Factories The Samsung Electronics Company, the Korean electronics giant, said Monday that it would invest \$23.7 billion in new chip production lines over the next six years.",Business
5504,"FTSE dips as insurers fall Blue-chip shares have retreated from 28-month highs, with insurer Royal  amp; Sun Alliance leading the losers as investors baulk at the potential for further adverse claims from its US business and a rating downgrade.",Business
3201,"Acuity Earnings Rise on Improved Demand  CHICAGO (Reuters) - Acuity Brands Inc. &lt;A HREF=""http://www.investor.reuters.com/FullQuote.aspx?ticker=AYI.N target=/stocks/quickinfo/fullquote""&gt;AYI.N&lt;/A&gt;, a maker of  lighting products and specialty chemicals, on Tuesday said  quarterly profit rose 87 percent due to improved sales, lower  operating expenses and a lower tax rate.",Business
5558,Outsourcing to Arkansas A new kid on the block promises to give offshore outsourcing a run for its money--by routing technology work to rural America. Outsourcing Blog,Sci/Tech
1487,US Open keeps it in the family It will be a long way from West Lakes when Lleyton Hewitt takes on his younger sister #39;s boyfriend. Robert Lusetich reports. IT is a US Open semi-final that has been previewed many times before -- in Adelaide.,Sports
994,"Blu-ray group mandates Microsoft codec for BD-ROM The Blu-ray Disc Association (BRDA) has selected Microsoft #39;s VC-9 video codec for future BD-ROM content, the organisation said today.",Sci/Tech
6412,"Protests in Canada over Ukraine crisis (AFP) AFP - Hundreds of Canadians, many of Ukrainian descent, braved freezing temperatures to protest what they consider to be the fixed outcome of the Ukrainian presidential election.",World
4040,"Ferguson says he is picking the wrong teams Manchester United manager Alex Ferguson says he has picked the wrong teams at times this season.  quot;Maybe at the moment I am making too many changes, quot; Ferguson told British newspapers ",Sports
3685,"FCC Proposes \$1.2M Indecency Fine for Fox WASHINGTON - Federal regulators proposed a record indecency fine of nearly \$1.2 million Tuesday against Fox Broadcasting Co. for an episode of its reality series ""Married by America"" that included graphic scenes from bachelor and bachelorette parties...",World
3855,"Israel Says Will Scale Back Gaza Offensive  JABALYA REFUGEE CAMP, Gaza Strip (Reuters) - Israel said on  Friday it was easing a crushing offensive that has killed more  than 100 Palestinians since tanks rumbled into northern Gaza 16  days ago to stop cross-border rocket attacks.",World
2455,A Greek tragedy for Fab Three PARIS: Greece #39;s shock Euro 2004 triumph in July has had unexpected consequences with three European Players of the Year calling time on their national sides.,Sports
2709,News: Schwarzenegger signs bill banning paperless voting systems The Associated Press By Rachel Konrad,Sci/Tech
5367,"AMD et Chartered signent des contrats d #39;approvisionnement et de &lt;b&gt;...&lt;/b&gt; SUNNYVALE, Calif. and SINGAPORE--(BUSINESS WIRE)9 Novembre 2004--Chartered adopte la fabrication de prcision automatise d #39;AMD et prvoit de fabriquer des processeurs AMD64 en 2006.",Sci/Tech
3869,"-Posted by david.berlind  2:10 pm (PDT) From the Department of Dualing Rhetoric: In his story regarding the launch of two new IBM pSeries servers, News.com #39;s Stephen Shankland quotes IBM Unix vice president Karl Freund as saying  quot;Our goal is to beat Sun and perhaps become the No.",Sci/Tech
6053,"Disney Profit Up, TV Outshines Studio  LOS ANGELES (Reuters) - Walt Disney Co. &lt;A HREF=""http://www.investor.reuters.com/FullQuote.aspx?ticker=DIS.N target=/stocks/quickinfo/fullquote""&gt;DIS.N&lt;/A&gt; posted a 24  percent rise in profit on Thursday as advertising gains at ESPN  and ABC television networks more than made up for a sharp  slowdown at Disney's movie studio.",Business
1755,"Same-sex divorce rules still hazy Now that an Ontario couple has been given Canada #39;s first same-sex divorce, experts are divided over just how easy it will be for gays and lesbians in other provinces to end their marriages.",World
3852,"Despite Discord, Biffle and Busch to remain teammates Mears wins Busch pole at Lowe #39;s. Casey Mears won the second Busch series pole of his career, earning the top starting position in qualifying for the SpongeBob 300.",Sports
1018,"U.S. Factory Growth Eases  NEW YORK (Reuters) - Expansion in the U.S. factory sector  slowed in August as higher costs for energy and raw materials  squeezed manufacturers, a report showed on Wednesday, but  analysts said growth remained relatively robust.",Business
4273,"America #39;s curse There is an all but unanswerable case for asserting that the biggest story out of the United States this week has nothing to do with the presidential election, has no connection with the flu vaccine shortage and that it does not involve a gay bishop either ",Sports
3620,"Ecclestone driving a hard bargain The negotiations over the future of the British grand prix are expected to shift up a gear tomorrow when the sport #39;s governing body, the FIA, publishes a draft calendar for the 2005 formula one world championship.",Sports
2380,"Survey finds  #39;web withdrawal #39; NEW YORK: Nearly half of US Internet users say they could not go without the Web for more than two weeks, with many suffering  quot;withdrawal quot; symptoms while offline, according to a recent survey.",Sci/Tech
2617,"NYMEX Oil Rises on Nigerian Rebel Threat  NEW YORK (Reuters) - NYMEX crude oil futures jumped 36  cents in electronic trading on Monday evening to the  psychological \$50 a barrel level, the highest in the 21 years  oil futures have traded on the exchange, as Nigerian rebels  decided an ""all-out"" war against the government starting Oct.  1.",Business
4121,"AMD Assaults New Performance Heights with New Chips As expected, Advanced Micro Devices, on Tuesday officially released its new microprocessors aimed at high-end desktop computers. The new chips set the new records in a variety of industrial benchmarks and ",Sci/Tech
7405,"Yukos files for US bankruptcy protection Russian oil giant Yukos Wednesday filed for US bankruptcy protection in attempt to stop the forthcoming auction of its major asset Yuganskeneftegaz, accordingto the Interfax news agency.",Business
6592,"Sony, IBM, Toshiba Give Details of 'Cell' Chip (Reuters) Reuters - IBM , Sony Corp. (6758.T) and\Toshiba Corp. (6502.T) on Monday revealed their plans for the\powerful new ""Cell"" processor the three are jointly producing\to run next-generation computers, game consoles and\televisions.",Business
6713,"Consumer Spending Up, Manufacturing Gains Consumers spent briskly in October and the nation #39;s manufacturers saw robust activity in November, encouraging signs that the last quarter of this year is shaping up nicely.",Business
7492,"FCC Mulls Airborne Mobile Phone Use Although there may have been technical limitations at the time the cell phone ban was established, according to IDC #39;s Shiv Bakhshi, it is unclear why the ban has remained in place, given that ",Business
5212,"Greene Leads No. 8 Georgia to Rout of Kentucky LEXINGTON, Kentucky (Sports Network) - David Greene became the winningest quarterback in Division IA history and Thomas Brown ran for 130 yards with three touchdowns to lead eighth-ranked Georgia to a 62-17 rout of Kentucky at Commonwealth Stadium.",Sports
5663,"The NFL is at its midway point. Time to hand out some awards It #39;s the NFL midseason, and I #39;ve done a pretty good job the last couple of months pretending I don #39;t cover the sport for SI.",Sports
5765,"Myskina, Kuznetsov to Play in Fed Cup (AP) AP - Anastasia Myskina and Svetlana Kuznetsova will lead Russia's Fed Cup team when it plays Austria in this month's semifinals. Defending champion France will feature Amelie Mauresmo and Mary Pierce in the other semifinal against Spain, which has won this event five times.",Sports
1087,"Semiconductor Manufacturing to Boost Capacity by Half (Update2) Semiconductor Manufacturing International Corp., China #39;s biggest supplier of made-to-order chips, said its factory capacity will rise by more than half in the second half as the company brings more plants on line.",Sci/Tech
1007,"Manchester United the only team for me, says Rooney Teenage striker Wayne Rooney says Manchester United were the only team he wanted to join once they he knew the club were interested in him.",Sports
4976,"New housing goals finalized for Fannie, Freddie The US Department of Housing and Urban Development has finalized a rule that will require the nation #39;s two largest housing finance companies to increase their purchase of mortgages for low- and moderate-income families and underserved communities.",Business
6788,"Walter Smith named manager of Scottish soccer team, succeeding &lt;b&gt;...&lt;/b&gt; After the German #39;s failure to revive the ailing national team, the Scottish Football Association has opted for a rare Rangers-Celtic linkup at the top with former Rangers manager Smith working with assistant Tommy Burns, his old rival at Celtic.",Sports
6679,"New strain of Skulls Trojan hits smart phones Mobile phones running Symbian's Series 60 operating system are the target of a new strain of the Skulls Trojan horse program. The new Trojan comes with the Cabir.B worm, which, unlike the first version of the virus, can spread to other phones within reach of Bluetooth broadcasting range.",Sci/Tech
5069,"Foreign reactions to the election Top foreign officials across Europe are either accepting or welcoming the second term for President Bush. Meeting in Moscow, Italian prime Minister Silvio Berlusconi and Russian President Vladimir Putin said they welcome the Bush win.",World
1923,"Bounties For Spammers Win  Limited FTC Backing The FTC gave limited endorsement to the notion of cash rewards for people who help track down e-mail spammers, but suggested that the measure might work in fewer circumstances than had been pushed by some anti-spam activists. &lt;br&gt;&lt;FONT face=""verdana,MS Sans Serif,arial,helvetica"" size=""-2"" color=""#666666""&gt;&lt;B&gt;-The Washington Post&lt;/B&gt;&lt;/FONT&gt;",Sci/Tech
442,"Sign-Up Reopened for House Race in La. (AP) AP - A state judge ruled Monday that the sign-up period should be reopened for the Nov. 2 election in Louisiana's 5th Congressional District, where incumbent Rep. Rodney Alexander infuriated Democrats by switching to the Republican Party minutes before the qualifying deadline.",World
4216,"Cingular Sales Rise in Quarter, but Profit Falls 18 Percent By Bloomberg News. Cingular Wireless, which is buying AT amp;T Wireless, said yesterday that third-quarter sales rose 4.9 percent, to \$4.",Business
5469,"IBM plans Web meeting service, takes aim at WebEx IBM's new Lotus Web Conferencing Service, expected to be offered next month, requires that users simply register an account and have an Internet connection, a Web browser and a phone.",Sci/Tech
3651,"Authorities shut down UK-based news Web sites US authorities, participating in an international investigation, have shut down 20 independent news Web sites run by the Independent Media Center (Indymedia) by seizing two UK-based Web servers, the group said on Friday.",Sci/Tech
4659,Stanford picked to win much-improved Pac-10 Tara VanDerveer stepped to the dais at the Pacific-10 Conference women #39;s basketball media day Tuesday and was asked to make an opening comment.,Sports
7450,Mass. auto rates to stay fairly steady next year The state insurance commissioner yesterday held auto insurance premiums fairly steady for next year while approving measures that could sharply increase the rates paid by inexperienced teenage drivers.,Business
6801,"Earth's Solar System Shaped by Brush with Star, Astronomers Say (SPACE.com) SPACE.com - The outer reaches of our solar system may have been shaped long ago by a close encounter with another star that tore up both nascent planetary systems like colliding buzz saws, astronomers said today.",Sci/Tech
2813,"An Interview with Bill Baker, SQL Server BI General Manager This article is the first in a new, regular series of articles and interviews with top Microsoft program managers. Our goal is to give you a close-up, helpful and informative look at things ",Sci/Tech
4316,"Fixed-to-mobile substitution gaining momentum There is a strong trend for consumers to move away from using fixed-line phones in concert with mobiles to use mobile handsets for all or most of their voice calls, according to a study conducted for Finnish mobile handset maker Nokia by UK market ",Sci/Tech
7230,Fiat and General Motors to square up in Switzerland MILAN (AFP) - Sharp differences between the Fiat Group and General Motors over an option by Fiat to sell its loss-making auto operations to GM will be the focus of a meeting between the two companies in Zurich on Tuesday.,Business
1450,"Bank sits tight on rates as house price inflation eases off By Malcolm Moore, Economics Correspondent (Filed: 10/09/2004). The Bank of England held interest rates at 4.75pc yesterday after a series of recent surveys showed the housing market was slowing down.",Business
1737,"Schultz re-ups with Wild St. Paul, MN (Sports Network) - The Minnesota Wild and defenseman Nick Schultz agreed to terms on a one-year contract Tuesday. Per club policy, financial terms were not disclosed.",Sports
2976,Bangkok animal trade talks open The rules controlling the trade in many at-risk wildlife species may change at a Bangkok meeting starting on Saturday. The 166 member states of the Convention on International Trade in Endangered Species of ,World
1945,"Europe Take Charge at Oakland Hills  BLOOMFIELD HILLS, Michigan (Reuters) - Colin Montgomerie  inspired an early charge by holders Europe as they led the  United States in three of the four opening fourball matches at  the 35th Ryder Cup on Friday.",Sports
1621,"Static over RFID A key patent holder wants royalties. If that starts a trend, adoption of radio frequency identification technology could suffer.",Sci/Tech
5683,Final Round in Cable-ISP Fight The U.S. Supreme Court has agreed to hear whether cable operators must give access to their lines to third-party ISPs. Michael Grebb reports from Washington.,Sci/Tech
235,Stanford's Cubit Hired As W. Mich. Coach (AP) AP - Stanford offensive coordinator Bill Cubit was hired Tuesday as head coach at Western Michigan.,Sports
7024,"IRA Willing to Disarm by Month #39;s End The Irish Republican Army abandoned its longtime opposition to disarmament on Thursday, pledging to get rid of its weapons by the end of the month.",World
4023,"Users Buoyed by Monthly Patch Releases OCTOBER 18, 2004 (COMPUTERWORLD) - Microsoft Corp. #39;s move to a monthly patch-release cycle one year ago this month has made it easier to install security updates for Windows and other products, IT managers said last weekeven as they were greeted with a ",Sci/Tech
3672,Rumors Suggest Photo Ability To Be Added to iPod  quot;Apple has invested heavily in technology to edit pictures. Not having a portable device to show them seemed an obvious oversight that would be corrected once the price of the displays ,Business
6613,Toshiba wins HD DVD support Four film studios are expected to release movies on the new HD format in the last quarter of 2005. TOKYO (Reuters) - Toshiba Corp.,Sci/Tech
7516,"Colombia Says Irish Fugitives Have Fled Country  BOGOTA, Colombia (Reuters) - Three Irish fugitives  convicted of teaching leftist Colombian guerrillas how to make  bombs have escaped the Andean country and are at large outside  its borders, Colombia's attorney general said late on Thursday.",World
1971,"Mother of Jackson Accuser Testifies SANTA MARIA, Calif. - The mother of the boy accusing Michael Jackson of molestation testified Friday she does not remember a private investigator telling her that he was working for one of the pop star's attorneys, but believed he worked directly for the singer...",World
1833,IBM protects passwords with PC chip New PCs will ship with a chip designed to thwart hackers--a hardware approach that's said to be safer than software.,Sci/Tech
699,"Troops close Gaza roads after rockets fired at Israel JERUSALEM -- Israeli forces blocked main roads in Gaza yesterday after rockets were fired at an Israeli town, and troops tore down houses in a refugee camp on the Egyptian border, foreshadowing more unrest after Israel #39;s announced planned pullout next year ",World
2203,"Goss Gets Senate Panel's OK for CIA Post (AP) AP - A Senate panel on Tuesday approved the nomination of Rep. Porter Goss, R-Fla., to head the CIA, overcoming Democrats' objections that Goss was too political for the job.",World
7464,Wall Street Looks Set for a Mixed Start (Reuters) Reuters - Wall Street looked set for a mixed start\on Thursday as oil prices remained near two-week highs and\investors braced for a clutch of economic data and earnings\from high-profile firms like Goldman Sachs  and Nike\.,Business
7249,"Bombardier shares slump as CEO leaves Bombardier, the troubled Canadian maker of aircraft and trains, saw its shares fall by around 20 per cent in Toronto, after it announced that Paul Tellier was stepping down early as president and chief executive officer.",Business
5590,"Austrian Panel OKs Siemens Takeover Bid Austrian regulators have approved Siemens AG #39;s bid to takeover engineering competitor VA Technologie AG, Austrian radio said Friday.",Business
2095,"Porn Processor Settles Deceptive-Billing Charges  WASHINGTON (Reuters) - A pornography bill-processing  company has agreed to forego \$17 million that it billed  computer users in order to settle deceptive-business charges,  the U.S. Federal Trade Commission said on Monday.",Sci/Tech
1644,"Sharon faces Netanyahu challenge Israeli Prime Minister Ariel Sharon has received a surprise challenge to his plan to expedite a pullout from Gaza after Benjamin Netanyahu, his main rival in the Likud party, called for a referendum on the issue.",World
5077,Yukos to vote on bankruptcy Yukos warned yesterday it could declare bankruptcy within months following fresh tax claims that could leave Russia #39;s biggest oil company facing an astronomical bill of \$17 billion (R104 billion).,Business
1380,Amvescap reorganizes after settling The chairman of Amvescap said Wednesday that the company planned to wrap its US mutual fund businesses into one following a \$450 million settlement with regulators over improper trading.,Business
2469,Refiners line up for stockpiled oil Oil futures hit a record high Friday as the government began lending oil from emergency reserves to refineries running low on crude after Hurricane Ivan.,Business
4447,"Thousands of Japanese endure night outdoors DESTRUCTION: At least 21 people have been killed by the quake, which has forced thousands to evacuate. Yesterday, many were readying to spend another chilly night outside.",World
7349,"Dollar #39;s Fall Is a Wake Up Call #39; for Nations, IMF #39;s Rajan Says The decline of the US dollar is a signal that policy makers need to do more to ensure the currency #39;s depreciation won #39;t hurt global growth, International Monetary Fund chief economist Raghuram Rajan said.",Business
6206,"Deadly fire sweeps through China mines SHAHE, CHINA - Nine people were confirmed dead and 57 remained missing late Sunday after a fire swept through five iron ore mines in northern China, the Xinhau news agency said.",World
4363,"Greater pressure directed at US Airways unions Bankrupt US Airways is giving flight attendants, machinists and passenger service workers three weeks to reach consensual cost-cutting pacts before the airline asks ",Business
2823,"Lehman in Talks to Buy UK Hedge Fund -WSJ (Reuters) Reuters - Investment bank Lehman Brothers\Holdings Inc. is negotiating to buy GLG Partners, a large\British hedge fund, the Wall Street Journal reported on\Thursday, citing unnamed sources.",Business
3316,"Hussein Beat Sanctions With Bribes Saddam Hussein made \$11 billion in illegal income and eroded the world's toughest economic embargo during his final years as Iraq's leader through shrewd schemes to secretly buy off dozens of countries, top foreign officials and major international figures,  said a new report by the chief U.S. weapons inspector released yesterday.",World
1022,Need for carbon sink technologies Climate scientists tell a conference that greater efforts should be made to pull CO2 from the atmosphere.,Sci/Tech
4042,Seahawks Looking at Acquiring Jerry Rice (AP) AP - Jerry Rice could be headed north to reunite with Seattle Seahawks coach Mike Holmgren.,Sports
6959,"Virgin dips its toe into the Pacific SIR Richard Branson did not disappoint with his stunts yesterday, flying into Sydney to promote his international airline Virgin Atlantic.",Business
6705,"EU to Pursue Legal Action Against Greece BRUSSELS, Belgium -- The European Union #39;s executive commission said Wednesday it would open legal proceedings against Greece for its sloppy bookkeeping and underreporting its budget deficit by billions of euros between 1997 and 2003.",Business
7397,England may have lost initiative I appreciated Michael Vaughan #39;s honesty when he said England were complacent after their seven-wicket defeat to South Africa A last week.,Sports
4213,Celtic suffer defeat in Ukraine Brazilian Juninho has apologised for his performance in Celtic #39;s demoralising 3-0 Champions League Group F defeat in the Ukraine last night.,Sports
2363,US opening oil reserve NEW YORK (CNN/Money) - The federal government said Thursday it plans to loan a limited amount of crude oil from the nation #39;s strategic reserve in a bid to offset shortages caused by Hurricane Ivan.,Business
2630,"No. 12 Virginia loses key defensive player Charlottesville, VA (Sports Network) - The No. 12 ranked Virginia Cavaliers will be without defensive end Chris Canty for the remainder of the season.",Sports
564,A new Golden Girl It took only 49.41 seconds for Tonique Williams-Darling to etch her name in the annals of Bahamian history. Williams-Darling crossed the finish line ,Sports
2121,"IMF to Close Harare Office THE International Monetary Fund (IMF) is closing down its Harare representative office at the end of this month, virtually terminating threadbare relations with the crisis-racked southern African nation.",Business
4470,"NASA Puts Hands-Free Linkup to a Test Tuesday, barring a weather-caused delay, for the first time the United States will send an autonomous robot vehicle to join up with a satellite and conduct a 20-hour demonstration of its abilities -- without any human guidance.",Sci/Tech
5828,"Oreskes Named Times Deputy Managing Editor The New York Times has appointed Michael Oreskes, who directed much of the newspaper #39;s coverage of the Clinton-Lewinsky scandal, to deputy managing editor.",Business
1604,"Leftwich Snares Stunner Byron Leftwich caps an 80-yard touchdown drive with a 7-yard toss to rookie Ernest Wilford as time ran out, lifting the Jacksonville Jaguars to a 13-10 win over the Buffalo Bills on Sunday.",Sports
3940,"Halloween Means Sales as Adults Join In  NEW YORK (Reuters) - Halloween is expected to scare up  record sales this year as more adults -- and pets -- join in  what was once mainly a children's dress-up event, filling a  void before the key Christmas shopping season.",Business
5965,Fox to push Bush on migration at APEC Mexico President Vicente Fox said Wednesday he will meet with US President George W. Bush in Chile during the economic summit of Pacific Rim nations.,World
1055,"A serving of football EFL style Can't wait to see the Super Bowl champion New England Patriots look to continue their 15-game winning streak when they host the Indianapolis Colts next Thursday? Gridiron junkies will whet their appetite tomorrow at 7 p.m. at Battis Field in Middleborough, where the Middleboro Cobras and Brockton Buccaneers will tangle for Eastern Football League supremacy.",Sports
480,"SAP Awarded \$35 Million Postal Service Contract The postal service, which employs more than a third of the civilian employees of the federal government, chose SAP after a multi-year evaluation, it said.",Sci/Tech
1741,"Eagles Bring Back Levens; Place Andrews on IR (Reuters) Reuters - The Philadelphia Eagles\made several roster moves on Tuesday, including bringing back\Dorsey Levens and placing Shawn Andrews on injured reserve.",Sports
7015,"Disney takes sides in battle for next generation DVD (AFP) AFP - Hollywood movie powerhouse Walt Disney has taken sides with Japan's Sony Corp. in a bitter battle between studios to define a technical standard for next generation DVDs, it said.",Sci/Tech
2190,"Business Week Names Adler Its New Editor Stephen J. Adler, deputy managing editor of The Wall Street Journal, has been named editor of Business Week magazine, succeeding Stephen B. Shepard, who announced last week that he would retire from the magazine to become the first dean of a new ",Business
2862,"Red Hat Acquires Netscape Server Software (NewsFactor) NewsFactor - Red Hat (Nasdaq: RHAT) has acquired Netscape \server-software products of AOL Time Warner (NYSE: AOL), as part of the Linux vendor's ""open-source architecture"" strategy.",Sci/Tech
1837,Real Madrid Ponders Biggest Champions League Loss in Four Years Real Madrid began yesterday #39;s match at Bayer Leverkusen as the bookmakers #39; favorite to win the Champions League. The record nine-time European champion finished with its worst defeat in the competition in more than four years.,Sports
7395,"Nothing doing Well, that didn #39;t go very well, did it? Everybody knew the NHL planned on turning down the NHLPA #39;s latest offer yesterday, but the hockey world still held its breath when the two adversaries met face to face ",Sports
3091,"Fable; Nascar 2005: Chase For The Cup Fable comes with a big reputation behind it -- it was developed by Peter Molyneux, creator of such involved, engrossing games as Populous and Black and White.",Sci/Tech
6689,"Son Is Gone but Fervor Remains After Fallujah After his son's life was ended by an American bullet, an Iraqi insurgent undertook a harrowing escape to a lonely exile in Baghdad, where he waits to fight another day.",World
3956,"India watches in awe as two grand families feud in public (Canadian Press) Canadian Press - NEW DELHI (AP) - On one side is the dynasty that has dominated Indian politics for half a century. On the other is the family of India's most popular actor, a man so revered that his fans have been known to commit suicide out of loyalty to him.",World
1125,"Did Apple Offer Sony an ITunes Deal? Update: A partnership may be crucial for long-term success, one industry insider says.",Sci/Tech
6409,"Brown in line after Livingston sack Preston LIVINGSTON have sacked Allan Preston as manager. The former Hearts and St Johnstone defender and his assistant, Alan Kernaghan, were dismissed after a run of seven defeats left the club ",Sports
3417,"AT amp;T Wireless Gets in Tune AT amp;T Wireless (NYSE: AWE) recently debuted its mMode Music Store. Developed together with Loudeye (Nasdaq: LOUD) and Microsoft (Nasdaq: MSFT), the store allows subscribers to browse ",Sci/Tech
5721,Prso seals victory for 10-man Rangers Striker Dado Prso netted a second-half penalty as Rangers battled to a 1-0 Scottish Premier League win at Hibernian on Sunday. Prso converted after 65 minutes after ,Sports
7075,"New Jobless Claims Increase; Import Prices Jump Higher In another report, import prices excluding petroleum posted the largest increase in 10 months, a possible early warning on inflation from the weaker dollar.",Business
3001,"Corporate Krueger haunts PeopleSoft A few weeks ago the then-CEO of PeopleSoft, Craig Conway, posed the following question to attendees at a technology conference:  quot;Have you ever had a bad dream that never ended?",Business
6913,US sends marines to Philippines The US is sending up to 600 marines and relief supplies to flood-ravaged areas of the Philippines.,World
5595,"'Tensions high' in Nigeria state Anambra state in Nigeria is tense after gangs set fire to the governor's office and other buildings, local officials say.",World
3842,Spitzer Targets Brokers Thursday's actions are the first shots in what Spitzer called an investigation of widespread corruption in the insurance industry.,Business
714,CSKA sponsor rejects criticism RUSSIAN oil giant Sibneft today rejected any suggestion of a conflict of interest existing between Chelsea and CSKA Moscow who are due to meet in the Champions League.,Sports
1002,CRM Vendor Entellium Adopts Open-Source Strategy (TechWeb) TechWeb - Availability of Entellium's code could speed development of industry-specific CRM products.,Sci/Tech
6090,"This week #39;s golf tournaments Last year: Meg Mallon won the season-ending tournament for her lone 2003 title, beating Annika Sorenstam by a stroke. Last week: Heather Daly-Donofrio won the Tournament of Champions in Mobile, Ala.",Sports
4881," #39;Hundreds to be charged #39; over Thai protest PRIME Minister Thaksin Shinawatra said today hundreds of Muslims will be prosecuted over a demonstration that led to the deaths of 87 people in southern Thailand last week, in a move which could further raise tensions in the region.",World
7542,"Boeing casts eyes on live TV over Connexion service The Boeing Co. is planning to add live television to its Connexion by Boeing service during 2005, a company executive said in a recent interview.",Sci/Tech
3837,U.S. Impressive in World Cup Qualifying (AP) AP - Just because the United States has stormed through its regional qualifying for the next World Cup does not mean the Americans are a world soccer power.,Sports
5809,"China sets terms for Taiwan talks China is ready to resume negotiations after nearly five years with Taiwan if the island nation accepts the  quot;one China quot; principle, the state media reported Monday.",World
2313,"Former Enron employee testifies about cover-up to Merrill Lynch &lt;b&gt;...&lt;/b&gt; NEW YORK, September 22 (newratings.com) - A witness in the first Enron criminal trial, and a former executive at the company, testified today that she believed that the Enron executives now on trial were involved in an effort to hide an illicit deal ",Business
1309,SI.com SAN DIEGO (Ticker) -- A late rally gave the San Diego Padres a rare win over the St. Louis Cardinals. Ryan Klesko delivered a go-ahead RBI single to start a four-run outburst in the bottom of the eighth inning as San Diego posted a 7-3 victory over St.,Sports
3723,"SICK KIDS VS. DISNEY IN  #39;PETER PAN #39; DUSTUP It #39;s a story that would make Peter Pan glad that he never grew up. Walt Disney Co. is caught in a feud with a UK children #39;s hospital over the copyright to JM Barrie #39;s classic novel,  quot;Peter Pan.",Business
2781,"Hungary's Parliament Elects Prime Minister (AP) AP - Parliament on Wednesday elected one of Hungary's wealthiest businessmen as prime minister, ending two months of political uncertainty.",World
1913,"Knight Ridder Says It Will Miss Targets Knight Ridder Inc. expects third-quarter earnings to exceed expectations, largely due to a per-share gain of 9 cents related to the finalization of certain tax matters.",Business
3206,"Pitcairn mayor pleads guilty to sex attack The mayor of Pitcairn Island has changed his plea to guilty and faces sentencing for sexually assaulting young girls, The Telegraph reported Tuesday.",World
3819,"Options expensing delay not enough,say US senators A group of Republican senators vowed on Thursday to use the closing days of Congress this year to try and stop accounting rulemakers from requiring the expensing of stock options.",Business
3483,"Rights activist, environmentalist wins peace prize Wangari Maathai, a Kenyan woman who started an environmental movement that has planted 30 million trees in Africa and who has campaigned for women #39;s rights and greater democracy in her home country, won the 2004 Nobel Peace Prize yesterday.",World
7020,"Salvation Army bell ringers booted from Target stores Target stores have a simple message for eager shoppers this holiday season:  quot;Get giving #39; roughly translated, buy stuff. The national retail chain also has a simple ",Business
1680,"Turkey #39;s Adultery Ban Would Hinder EU Bid, Aides Say (Update1) Turkey #39;s plan to make adultery a crime may hinder its bid to join the European Union by showing the dominance of conservative forces #39; #39; in Turkish society, European officials said.",World
1285,"Intel To Start Tech Forum with New Chips Intel is expected to kick off its semi-annual developer forum Tuesday by demonstrating a new dual-core processor, something rival AMD showed off last week.",Sci/Tech
1823,Infineon to Pay a Fine in the Fixing Of Chip Prices Federal prosecutors announced on Wednesday that they had cracked a global cartel that had illegally fixed prices of memory chips in personal computers and servers for ,Business
1295,Beer and drugs hit manufacturing output Factory output fell unexpectedly in July for the second month in a row -- the first back-to-back decline in nearly two years -- as the production of beer and pharmaceuticals plummeted.,Business
6227,"Defense finally craters against Favre Considering how poorly the Texans #39; defense played in the first halves in blowout losses to the Denver Broncos and Indianapolis Colts the previous two weeks, Sunday night #39;s performance was encouraging.",Sports
2295,"CBS Fined  #36;550,000 for Jackson Stunt (AP) AP - CBS got the bill Wednesday for Janet Jackson's eye-catching flash dance during the Super Bowl halftime show: a record  #36;550,000.",Sports
5599,"49ers tickets are available Since just before the start of the NFL #39;s regular season two months ago, television viewers in the Bay Area have been seeing commercials for a product that for years has sold itself.",Sports
2289,"GAO: Outsourcing could hurt IT employment growth A new GAO report indicates that offshore outsourcing could hurt IT employment growth over the next decade, but the study released today is sprinkled with caveats and qualifiers and shows more study is needed.",Sci/Tech
211,"Putin faults Georgia on  #39;90s tactics in 2 regions TBILISI, Georgia The separatist conflicts in Georgia resulted from the  quot;foolish quot; move by Georgia to strip South Ossetia and Abkhazia of their autonomous status during the Soviet collapse, President Vladimir Putin of Russia was quoted as saying on ...",World
2869,"Merck Pulls Arthritis Drug from Market  NEW YORK (Reuters) - Merck   Co Inc. &lt;A HREF=""http://www.investor.reuters.com/FullQuote.aspx?ticker=MRK.N target=/stocks/quickinfo/fullquote""&gt;MRK.N&lt;/A&gt; pulled its  arthritis drug Vioxx off the market on Thursday after a study  showed it doubled the risk of heart attack and stroke. The move  sent the company's shares plunging almost 27 percent and erased  \$25 billion of its market value.",Business
7240,"DaimlerChrysler, GM to team up on hybrid engines General Motors and DaimlerChrysler say they #39;re teaming up to develop hybrid technology for use in their vehicles. The two giant automakers say they have signed a memorandum of understanding.",Business
4917,"PSP: Region Free There have been essentially four questions sent into the PSP Mailbag -- four questions, and a heck of a lot of hate mail. Those questions are: When is PSP shipping, what will PSP cost, how long will PSP #39;s ",Sci/Tech
1697,"A target for terrorists An election campaign parades the political divide in the community. Yesterday, amid the extraordinary uncertainty about whether Australians had been taken hostage in Iraq, we saw the glue that unites the two sides of politics.",World
493,"Johnson  amp; Johnson bids for rival NEW YORK Johnson  amp; Johnson is in advanced negotiations to acquire Guidant, one of the largest US makers of devices to treat heart and circulatory illnesses, according to executives close to the talks.",Business
4811,"As Drama Plays Out, Mixed Feelings for Arafat #39;s Neighbors No crowds of well-wishers massed Thursday outside the Mukata, the mostly ruined compound where Yasser Arafat has been confined for the past two years.",World
3145,Xamlon looks to beat Microsoft to the punch This fourth priority #39;s main focus has been improving or obtaining CRM and ERP software for the past year and a half. Software engineer and entrepreneur Paul Colton thinks he can beat Microsoft by taking a page from its play book--literally.,Sci/Tech
6920,"Pixar Delays Its Next Film  #39;Cars #39; to 2006 Pixar Animation Studios will delay the release of its next film,  quot;Cars, quot; until June 2006 as it switches from a holiday release schedule to releasing films during the summer when more children are at home.",Business
4806,Stargazers Enjoy Total Lunar Eclipse (AP) AP - The Earth's last total lunar eclipse for nearly two and a half years didn't disappoint.,Sci/Tech
2929,"SpaceShipOne ready for X Prize Designer Burt Rutan #39;s SpaceShipOne cracked through Earth #39;s atmosphere and into outer space Sept. 29. Pilot Mike Mevill guided the aircraft to an altitude of 102,870 meters.",Sci/Tech
4338,"Harrowing footage shows Hassan pleading for her life Margaret Hassan, the kidnapped British aid worker, appeared in a new and harrowing video yesterday, weeping and asking Tony Blair to save her life by halting the deployment of British ",World
3930,"Sharon to Hold Tense Meeting With Settlers JERUSALEM - After more than a year of avoiding Jewish settlers, Israeli Prime Minister Ariel Sharon has decided to directly confront his former supporters in a meeting about his contentious plan to withdraw from the Gaza Strip and part of the West Bank.    Sharon invited settler leaders to meet with him in Jerusalem on Sunday, just a week before he presents his ""disengagement"" plan to parliament...",World
3263,AMD Sheds Light on Dual-Core Plans Upcoming Opteron chips will occupy the same space as single-core models.,Sci/Tech
7210,"I.B.M. Sought a China Partnership, Not Just a Sale Inside I.B.M., the issue of whether to stay in the personal computer business has been debated for a decade. The issue was put to rest last week.",Business
7088,"James May Play The man in the mask on Monday night may be Cleveland's LeBron James, who was fitted with a mask to protect his broken left cheek and might play in Charlotte.",Sports
2081,"Sci/Tech - Virus gang wars on the Web Following his arrest in May, the teenage computer wizard admitted to police he wrote the code for Sasser and more than two dozen Netsky viruses that wreaked havoc across the Internet during the first few months of 2004.",Sci/Tech
6313,"Cingular to Cut About 7,000 Jobs (Reuters) Reuters - Cingular Wireless will cut about 7,000\jobs, or 10 percent of its work force, to cut costs as it\integrates recently purchased AT T Wireless, the company said\on Tuesday.",Sci/Tech
3989,Halo 2 for Xbox Leaked Online Microsoft confirms that a pirated copy of Halo 2 for Xbox in the PAL video format and French language started circulating on the Internet this week over newsgroups and piracy sites.,Sci/Tech
7285,"Bush Selects E.P.A. Head to Be Secretary of Health With the selection of Michael O. Leavitt, a former governor of Utah, the shape of the cabinet in President Bush's second term has become clear.",World
7247,"NASA Chief Is Taking Off Named to head NASA by President Bush in December 2001, Sean O #39;Keefe acknowledged he had no experience in astronautics. His management style aimed at practical economy.",Sci/Tech
3996,O #39;Neill backs Juninho to excel Celtic manager Martin O #39;Neill believes striker Juninho is benefiting from the support of the Parkhead crowd as he settles into life in the Bank of Scotland Premier League.,Sports
3784,New planes fly to battle locusts The United Nations is flying six more aircraft to combat swarms of crop-devouring locusts in west Africa.,World
6183,Lawyer says we #39;re good guys Drug giant Merck pulled its painkiller Vioxx because it increased the risk of heart attacks and strokes. Now the company may face thousands of lawsuits.,Business
3786,"Vote Counting Begins in Afghan Elections KABUL, Afghanistan - Vote counting in Afghanistan's presidential election got under way Thursday, five days after a landmark vote meant to cement a new era of stability after more than two decades of strife.    The head of the Afghan-U.N...",World
3504,"Militia to Hand Weapons to Iraq Police BAGHDAD, Iraq - Followers of radical Shiite cleric Muqtada al-Sadr said Saturday they will begin handing weapons over to Iraqi police next week in a major step toward ending weeks of fighting with American soldiers in Baghdad's Sadr City district.    Meanwhile, there were reports that British hostage Kenneth Bigley tried to escape before he was beheaded...",World
861,"Canada, US fail to resolve beef trade dispute Canada and the United States have failed to reach an agreement on resuming US imports of Canadian live cattle, local press reported Sunday.",Business
677,"Breast scans 'fail' in some women Some women with breast cancer are less likely to have their tumours picked up by scans, say experts.",World
931,"Australia #39;s Seven FY Net Jumps 59 To A\$93.3M -2- SYDNEY (Dow Jones)--Australian television broadcaster Seven Network Ltd. (SEV) said Tuesday net profit jumped 59 to A\$93.3 million for the fiscal year ended June 26, boosted by profit proceeds from the sell down of its stake in B Digital.",Business
4536,To learn more LNM Holdings has steelmaking operations in eight countries with an annual steel production capacity of more than 32 million tons. ISG was formed in 2002 and bought the assets of bankrupt Bethlehem Steel Corp ,Business
1136,"Attack on UN vehicle kills one in southern Afghanistan KANDAHAR, Afghanistan : An Afghan man died and five people were hurt in a bomb attack on a UN vehicle in Afghanistan, officials said, in the second deadly blast in a week as the country prepares for next month #39;s polls.",World
2131,"US ponders \$250,000 bounty on spammers Authorities in the US are considering a \$250,000 bounty on spammers in an attempt to close them down. The US Federal Trade Commission (FTC) has suggested rewards of anything from \$100,000 to \$250,000 for information.",Sci/Tech
242,Ali gives Iraq fighting chance The back of his shirt told the story last night at the Peristeri Olympic Boxing Hall.,Sports
1992,"Crystal Palace 0, Charlton Athletic 1 Charlton manager Alan Curbishley believes Dennis Rommedahl #39;s sparkling winner will provide the platform for the Dane to recapture the form that made him one of Europe #39;s most feared wingers.",Sports
6868,Needham downgrades Apple on valuation NEW YORK (Dow Jones/AP) -- Apple Computer Inc. shares fell Friday after Needham  amp; Co. downgraded the stock to hold #39; #39; from buy.,Business
2440,"Morningstar Faces Possible SEC Lawsuit  NEW YORK (Reuters) - U.S. securities regulators may file  suit against Morningstar Inc., a provider of mutual fund and  stock research, over incorrect data it published about a mutual  fund, the company said on Friday.",Business
241,"Harris #39; three-run double in ninth sinks Gagne LOS ANGELES - Paul Lo Duca never got to moonwalk to home plate, though he did skip gleefully to the dugout moments after facing former batterymate Eric Gagne for the first time. ",Sports
3568,"Clemens's exit opens door for Braves HOUSTON -- John Smoltz, Adam LaRoche, and J.D. Drew saved the Atlanta Braves from another quick playoff exit.",Sports
1034,"Orioles 8, Devil Rays 0 Javy Lopez drove in four runs, Daniel Cabrera became the first rookie to win 10 games this season, and the Baltimore Orioles held the Tampa Bay Devil Rays to two hits in an 8-0 victory.",Sports
3372,"Making it look easy CLEVELAND -- Their membership in the NFL elite entitles the Patriots to a gimme from time to time, like yesterday's 42-15 shellacking of the hapless Cleveland Browns.",Sports
3740,West Lafayette abuzz with Boilers #39; lofty ranking Purdue #39;s Boilermakers are breathing thin and rarefied air as they climb up the college football rankings mountain. It #39;s a heady air that hasn #39;t been breathed on the West Lafayette campus in nearly 25 years.,Sports
1037,"SAP software exposes shipper's financial errors The installation of SAP financial software at a major London-based container transport firm exposed flaws in the company's accounting systems and processes, forcing it to restate its earnings.",Sci/Tech
3913,"FDA Orders Strong Antidepressant Warning Labels By DIEDTRA HENDERSON    WASHINGTON (AP) -- The Food and Drug Administration on Friday ordered that all antidepressants carry ""black box"" warnings that they ""increase the risk of suicidal thinking and behavior"" in children who take them.    Patients and their parents will be given medication guides that include the warning with each new prescription or refill...",Sci/Tech
708,"HP Moves Deeper Into Consumer Electronics Personal computer giant Hewlett-Packard Co. is stepping deeper than ever into the consumer electronics arena with its fall product lineup - so don't be surprised if you hear about ""HP TV"" along with ""HDTV"" when shopping for your next television.",Sci/Tech
6523,"Rwandan  #39;motivated by riches #39; Ouagadougou - Rwanda #39;s threat to launch military strikes in Democratic Republic of Congo would be motivated by the abundant mineral wealth in its giant western neighbour not by the desire to attack Hutu fighters based there, a Congolese diplomat said here ",World
4501,"Classmates agrees to \$100M buyout United Online Inc., a California-based provider of low-cost Internet subscription services, has agreed to buy Internet networking company Classmates Online Inc.",Business
5218,"Woods joins Haas in TOUR Championship lead Tiger Woods was 2 years old when Jay Haas won his first golf tournament and 17 when he won his last. On Sunday, though, the two men will play together in the final group in the ",Sports
1033,"29 escapees from North seek refuge at school in Beijing BEIJING -- Twenty-nine people believed to be North Korean entered the Japanese school in Beijing on Wednesday morning to seek asylum in a country other than China, according to Foreign Ministry officials in Tokyo.",World
2372,"Bambang unveils plans for his first 100 days JAKARTA - Mr Susilo Bambang Yudhoyono, who is almost certain to emerge the winner of the country #39;s first direct presidential polls, has begun to unveil plans for his first 100 days in power.",World
4311,"Primaris to spend \$3.8B on jets Primaris Airlines Inc. has announced plans to buy 20 Boeing 7E7-8 Dreamliners and 20 737-800s, a deal worth \$3.8 billion at list prices, the new low-cost business carrier and the Boeing Co.",Business
2588,"Walgreen 4th-Qtr Net Rises 18 Percent on Drug Sales (Update1) Walgreen Co., the largest US drugstore chain, said fourth-quarter profit rose 18 percent, helped by sales of prescription drugs. Net income had its biggest gain in almost two years, climbing ",Business
6509,"Death bell tolls for Russia's Yukos oil giant (AFP) AFP - Russia's Yukos does not begin the week teetering on the edge of ruin where it has been for months now. The oil giant is flat on its back, gasping for its last breaths of air.",World
5297,"Tesco To Sell Downloadable Tunes Tesco aint daft, theyve done the insurance blag and now they getting stuck into the music downloading service. They will be the first supermarket to enter a market that is worth over 25million and is currently dominated by the Apple run iTunes.",Sci/Tech
255,"Explorers Find Ancient City in Remote Peru Jungle (Reuters) Reuters - An ancient walled city complex\inhabited some 1,300 years ago by a culture later conquered by\the Incas has been discovered deep in Peru's Amazon jungle,\explorers said on Tuesday.",Sci/Tech
6361,"Annan Starts Reshuffling UN Staff for Reform Push (Reuters) Reuters - U.N. Secretary-General Kofi\Annan on Monday chose the high-profile British head of a key\agency as his new chief of staff, the start of a reshuffle\aimed at instituting U.N. reforms and combating scandals.",World
2301,"As Mets Look Ahead, They Keep Looking Back A handful of potential managers, including Lenny Dykstra, has emerged from the Mets' 1986 World Series-winning team.",Sports
2154,"Annan Faults Both Sides of Terror War for Eroding Rule of Law U.N. Secretary General Kofi Annan will tell the 191-member U.N. General Assembly on Tuesday that the rule of law in the post-Sept. 11  world has been eroded both by the United States and by other nations as they battle terrorism, and by Islamic extremists and their horrific acts of violence, according to senior U.N. officials.",World
2238,Dimon solidifies control at nation #39;s second-largest bank NEW YORK (CBS.MW) -- Dina Dublon is resigning as chief financial officer after 23 years at JP Morgan Chase in a shakeup that further solidifies Jamie Dimon #39;s control at the nation #39;s second-biggest bank.,Business
3657,"Princess Diana Fountain to Close Again (AP) AP - It has been fenced in, clogged with leaves, overrun with visitors and even used as a dog bath. Now the Princess Diana memorial fountain is to close again to replace surrounding grass that has become sodden with splashing water, park officials said Tuesday.",World
750,GOP Urge Bush to Turn Attention From Iraq (AP) AP - Nervous Republicans are urging President Bush to unveil a robust second-term agenda at his convention next week to shift voters' focus from the unpopular war in Iraq and other issues that are a distraction to his re-election drive. Some contend the party should ditch the GOP-fueled controversy over rival John Kerry's combat record in Vietnam.,World
1241,"Coca-Cola closer to settling EU antitrust case NEW YORK, September 3 (New Ratings) - The European Union has reportedly made significant progress in settling its prolonged antitrust case against The Coca-Cola Co (KO.",Business
3838,"Australian guilty of backpacker murder Australian Ian Previte has been found guilty by a Queensland jury of murdering 19-year-old British backpacker Caroline Stuttle in 2002, when he threw her from a bridge in a botched attempt to steal her handbag.",World
3584,"Ken Caminiti, Former NL MVP, Dies of Heart Attack at Age 41 Ken Caminiti, the 1996 National League Most Valuable Player who admitted to using steroids during his Major League Baseball career, died yesterday of a heart attack, his agent said.",Sports
6170,"All-rounder McGrath Glenn McGrath, thoroughbred fast bowler for a decade, embarked on a new career as an all-rounder in his 102nd Test match at the Gabba, hitting his first half-century as Australia ",Sports
1846,"Briton, two Americans kidnapped in Baghdad (AFP) AFP - Two Americans and a Briton were abducted from their home in a plush Baghdad district at dawn, in the latest blow in Iraq's five-month-old foreign hostage crisis, the interior ministry said.",World
6204,"Commuter Plane Crashes in China, Killing 54 A China Eastern Airlines commuter plane crashed into a frozen lake in northern China this morning, killing all 53 people on board and 1 on the ground, state media and the airline said.",World
4065,"GM Protests Spread Across Europe Tens of thousands of General Motors workers across Europe were set to stop working on Tuesday in a sign of solidarity with their German colleagues, who face massive job cuts.",Business
3750,Earnings for The New York Times Slip The newspaper publisher today said that while the ad market remains uneven it has seen improved trends so far in October.,Business
2623,"Junior: Late father  #39;had a lot to do #39; with rescue NEW YORK -- Dale Earnhardt Jr. has trouble remembering those frantic seconds when he escaped from his burning racecar. He believes, however, that his late father figured in his survival.",Sports
2251,"PeopleSoft goes a bundle on IBM 'Most Significant Enterprise Applications Alliance in History,'it sez here...",Sci/Tech
2963,"Ronaldo a doubt for Real Madrid, Spain (Sports Network) - Star striker Ronaldo could miss Real Madrid #39;s La Liga contest Sunday against Deportivo La Coruna due to injury.",Sports
4641,Chip Giant UMC Reports Higher Profits (AP) AP - United Microelectronics Corp.  #151; the world's No. 2 producer of made-to-order chips  #151; on Wednesday reported that its third-quarter net profit more than doubled on year as shipments of chips for mobile phones and other gadgets increased.,Sci/Tech
1725,Oracle 1Q Earnings Rise 16 Percent (AP) AP - Business software giant Oracle Corp. said Tuesday that first-quarter earnings rose 16 percent driven by new database license sales that rose 19 percent.,Sci/Tech
6858,Conference fumbles top status ATLANTA - Tommy Tuberville isn #39;t much into computers and formulas to determine who should play for college football #39;s national championship.,Sports
6653,"Cell Phone Virus Mutates, Carries Payload Security company F-Secure warned of a variant on the Skulls Trojan horse that infects smart phones running the Symbian operating system.",Sci/Tech
4837,"National Foods to look for protector 29/10/2004 National Foods will hunt for a  quot;white knight quot; to protect it from Fonterras \$A1.62 billion (\$NZ1.76 billion) bid, raising the risk New Zealand dairy farmers will get dragged into an expensive bidding war.",Business
4281,"Agassi advances in Madrid, Henman eliminated Top seed Tim Henman suffered a 6-4,4-6, 6-2 defeat to Croatian Ivan Ljubicic in the Madrid Masters on Thursday as Andre Agassi advanced to the quarter-finals with a 6-1,6-3 victory over Vincent Spadea.",Sports
3790,"Oil exports flow as strike woes ease A general strike in Nigeria, which has raised fears over oil supply from the world #39;s seventh-largest exporter, will likely end its first phase on Thursday  quot;all going well quot;, union leaders said.",World
7021,"Barghouti won #39;t stand if Abbas meets terms Jailed Tanzim leader Marwan Barghouti is expected to withdraw from the race for leadership of the Palestinian Authority in the coming days, say senior Fatah sources, if his political demands are met by his election rival, former prime minister Mahmoud ",World
3706,FTC Files First Lawsuit Against Spyware Concerns The Federal Trade Commission formally announced yesterday its first assault against spyware - bits of computer code that surreptitiously install themselves on the computers of Internet users ,Sci/Tech
3002,"BC expects to need 'A' game It is not as though they need any more reminders. It is not as though they are not aware of the consequences. Boston College has Rutgers and Mississippi State and, to an extent, Pittsburgh as prime examples of what can happen to a Division 1-A team on any given day against a Division 1-AA opponent.",Sports
3350,"New air routes to more profits Major airlines can #39;t make their low-cost competitors disappear into thin air, but they can fly away from them, which they are planning to do, to overseas routes where bargain-basement carriers don #39;t go.",Business
7338,Hollywood to sue server operators in bid to stymie online piracy LOS ANGELES -- Hollywood movie studios on Tuesday sued scores of operators of US- and European-based computer servers that help relay digitized movie files across online file-sharing networks.,Sci/Tech
1803,Hughes Seals Rovers Return Blackburn tonight installed Wales boss Mark Hughes as their new manager to take over from Graeme Souness. The identity of the appointment was not a surprise but the speed in which it was announced certainly was.,Sports
2563,Experts dampen bird flu fears International health officials at an emergency meeting in Bangkok Monday said there is no evidence that bird flu has been passed from one human to another.,World
7512,"Israel withdraws from Gaza camp Israel withdraws from Khan Younis refugee camp in the Gaza Strip, after a four-day operation that left 11 dead.",World
5244,"South Korea planning huge spending to revive economy: report (AFP) AFP - The South Korean government is preparing a huge  quot;New Deal quot; spending package in the next few years to revive the country's sagging economy, Yonhap news agency said.",Business
1192,Lord #39;s smiles on India once more India bowled England all out for 181 to win the third one-day international of the NatWest Challenge at Lord #39;s by 23 runs. England would have gone into the second innings confident.,Sports
6375,"Cocky Arsene Arsene Wenger is confident that Arsenal will make the knockout stages of the Champions League, despite needing to beat Rosenborg to make sure.",Sports
5820,"Federer relieved to return Roger Federer still appears unbeatable after he showed no signs of a torn thigh muscle to defeat Argentina #39;s Gaston Gaudio 6-1, 7-6 in the opening match of the ATP Masters Cup in Houston.",Sports
